ID,model,split,y_true,y_pred
jqc,Stage 0: Composition (Magpie),cv_oof,-5.800000874803203,-7.998100186983626
oi6,Stage 0: Composition (Magpie),cv_oof,-7.173925197299173,-6.702297604467013
2t8,Stage 0: Composition (Magpie),cv_oof,-6.0915149811213505,-5.503242755394523
47i,Stage 0: Composition (Magpie),cv_oof,-10.0,-10.964960339129828
clt,Stage 0: Composition (Magpie),cv_oof,-13.0,-7.780036003842756
ix1,Stage 0: Composition (Magpie),cv_oof,-6.494850021680094,-6.610127344913781
bq9,Stage 0: Composition (Magpie),cv_oof,-9.619788758288394,-6.911049021004574
skm,Stage 0: Composition (Magpie),cv_oof,-8.4089353929735,-7.467557297891933
pwr,Stage 0: Composition (Magpie),cv_oof,-6.785156151952302,-6.930968584038636
b4c,Stage 0: Composition (Magpie),cv_oof,-7.798602875679548,-6.798905511649645
7se,Stage 0: Composition (Magpie),cv_oof,-6.090979145788844,-3.541229561707516
5e2,Stage 0: Composition (Magpie),cv_oof,-4.1432711096171175,-3.5865610130675867
dj2,Stage 0: Composition (Magpie),cv_oof,-3.1791420105603,-2.4712531732428316
10u,Stage 0: Composition (Magpie),cv_oof,-5.494850021680094,-2.4873032996270714
y2l,Stage 0: Composition (Magpie),cv_oof,-8.853871964321762,-6.000245244573812
gl0,Stage 0: Composition (Magpie),cv_oof,-7.619788758288394,-6.564649374425806
wmr,Stage 0: Composition (Magpie),cv_oof,-7.515700160653214,-6.943903296470745
xxq,Stage 0: Composition (Magpie),cv_oof,-7.835647144215563,-6.368282623337009
h8o,Stage 0: Composition (Magpie),cv_oof,-6.640164517660112,-6.975083146897744
pe2,Stage 0: Composition (Magpie),cv_oof,-8.978810700930062,-5.616210150910642
opo,Stage 0: Composition (Magpie),cv_oof,-3.9208187539523753,-6.029597897137753
lkm,Stage 0: Composition (Magpie),cv_oof,-6.070581074285707,-7.767784096562503
bv2,Stage 0: Composition (Magpie),cv_oof,-7.7447274948966935,-6.108757352653461
be9,Stage 0: Composition (Magpie),cv_oof,-5.154901959985743,-7.244428419962025
n27,Stage 0: Composition (Magpie),cv_oof,-8.0,-8.965975065007536
goi,Stage 0: Composition (Magpie),cv_oof,-3.795880017344075,-5.703366693956425
lrh,Stage 0: Composition (Magpie),cv_oof,-6.721246399047171,-7.092513807655102
1xt,Stage 0: Composition (Magpie),cv_oof,-10.0,-9.738058035957236
kbo,Stage 0: Composition (Magpie),cv_oof,-10.0,-9.767718531987732
5zv,Stage 0: Composition (Magpie),cv_oof,-17.255707016877324,-9.768788020686069
5bz,Stage 0: Composition (Magpie),cv_oof,-7.060480747381382,-7.8054894423573975
883,Stage 0: Composition (Magpie),cv_oof,-8.060480747381382,-6.417169995981088
uu4,Stage 0: Composition (Magpie),cv_oof,-8.688246138944246,-8.232854543249564
tws,Stage 0: Composition (Magpie),cv_oof,-9.2839966563652,-6.505573301287656
l9v,Stage 0: Composition (Magpie),cv_oof,-6.301029995663981,-9.096505625967463
t0h,Stage 0: Composition (Magpie),cv_oof,-9.214670164989233,-7.579355810652465
4kt,Stage 0: Composition (Magpie),cv_oof,-10.0,-8.659856566528155
xas,Stage 0: Composition (Magpie),cv_oof,-4.823908740944319,-7.300244666515387
kfp,Stage 0: Composition (Magpie),cv_oof,-16.796203144042632,-8.672439074200366
qy4,Stage 0: Composition (Magpie),cv_oof,-5.055517327849832,-5.145485517849272
00x,Stage 0: Composition (Magpie),cv_oof,-10.0,-9.975080867329238
9wf,Stage 0: Composition (Magpie),cv_oof,-3.1870866433571443,-7.097800254779865
dmq,Stage 0: Composition (Magpie),cv_oof,-7.882728704344236,-6.9216491466004095
uox,Stage 0: Composition (Magpie),cv_oof,-11.247951552180561,-8.193630468002242
joc,Stage 0: Composition (Magpie),cv_oof,-6.585026652029182,-6.4339760461658475
mq1,Stage 0: Composition (Magpie),cv_oof,-8.318758762624412,-6.127818326182337
ssv,Stage 0: Composition (Magpie),cv_oof,-12.882728704344236,-10.322139108440236
h6c,Stage 0: Composition (Magpie),cv_oof,-13.036212172654444,-10.339835108763571
bsa,Stage 0: Composition (Magpie),cv_oof,-13.619788758288394,-9.405137728203739
mde,Stage 0: Composition (Magpie),cv_oof,-10.0,-10.072413196474281
1e9,Stage 0: Composition (Magpie),cv_oof,-9.0,-6.217791355723812
an2,Stage 0: Composition (Magpie),cv_oof,-10.0,-5.81863571054164
tka,Stage 0: Composition (Magpie),cv_oof,-7.209714835966758,-9.017639441969504
cdk,Stage 0: Composition (Magpie),cv_oof,-10.0,-11.084286632660266
fwz,Stage 0: Composition (Magpie),cv_oof,-5.698970004336019,-6.2476239072521835
hln,Stage 0: Composition (Magpie),cv_oof,-7.42021640338319,-4.770620122025312
cy2,Stage 0: Composition (Magpie),cv_oof,-3.474955192963155,-4.412202102007906
5tl,Stage 0: Composition (Magpie),cv_oof,-3.354577730650908,-4.294084542657119
u2y,Stage 0: Composition (Magpie),cv_oof,-3.0690509688324767,-3.987811436012036
kxh,Stage 0: Composition (Magpie),cv_oof,-6.0,-4.944202563688966
3we,Stage 0: Composition (Magpie),cv_oof,-7.096910013008056,-4.966825169322813
5z0,Stage 0: Composition (Magpie),cv_oof,-9.301029995663981,-7.312780056061191
472,Stage 0: Composition (Magpie),cv_oof,-9.769551078621726,-4.5591474997918136
9zk,Stage 0: Composition (Magpie),cv_oof,-8.301029995663981,-6.318622985539556
dnt,Stage 0: Composition (Magpie),cv_oof,-6.355561410532162,-5.495950380292187
g5g,Stage 0: Composition (Magpie),cv_oof,-6.228412519118745,-6.123836800528686
hpu,Stage 0: Composition (Magpie),cv_oof,-7.376750709602099,-6.584934268174088
c6h,Stage 0: Composition (Magpie),cv_oof,-6.476253533188435,-5.586880394881915
vzu,Stage 0: Composition (Magpie),cv_oof,-6.841637507904751,-5.428512388533603
a3e,Stage 0: Composition (Magpie),cv_oof,-7.562249437179612,-6.549236284384748
ubi,Stage 0: Composition (Magpie),cv_oof,-5.080921907623926,-6.695852205227152
9z8,Stage 0: Composition (Magpie),cv_oof,-7.0851281824599495,-6.844584207302291
nhq,Stage 0: Composition (Magpie),cv_oof,-6.049148541111453,-6.227163387672746
w7d,Stage 0: Composition (Magpie),cv_oof,-17.3767507096021,-12.074057157888925
fj5,Stage 0: Composition (Magpie),cv_oof,-6.347753658996677,-8.440274229867612
gxz,Stage 0: Composition (Magpie),cv_oof,-10.0,-12.710596942670442
tbu,Stage 0: Composition (Magpie),cv_oof,-10.0,-10.492682677822165
uxo,Stage 0: Composition (Magpie),cv_oof,-12.853871964321762,-12.128937406079377
e6b,Stage 0: Composition (Magpie),cv_oof,-6.698970004336019,-6.446303025487699
pbz,Stage 0: Composition (Magpie),cv_oof,-5.247183568811729,-6.1115572432257865
7ek,Stage 0: Composition (Magpie),cv_oof,-4.42021640338319,-6.4406617829926995
86k,Stage 0: Composition (Magpie),cv_oof,-8.452225294612177,-7.076593433113951
kmv,Stage 0: Composition (Magpie),cv_oof,-4.154901959985743,-7.186341836748394
n7a,Stage 0: Composition (Magpie),cv_oof,-2.853871964321762,-4.677308128496397
i6k,Stage 0: Composition (Magpie),cv_oof,-6.698970004336019,-6.898554497505532
x94,Stage 0: Composition (Magpie),cv_oof,-7.30715308072277,-7.1762548252875025
e6e,Stage 0: Composition (Magpie),cv_oof,-5.943095148663527,-7.8584347798446315
ylh,Stage 0: Composition (Magpie),cv_oof,-4.721246399047171,-7.377591605149253
eij,Stage 0: Composition (Magpie),cv_oof,-5.346787486224656,-6.813138186797281
ldd,Stage 0: Composition (Magpie),cv_oof,-6.051098239029787,-6.310747744271877
efb,Stage 0: Composition (Magpie),cv_oof,-4.958607314841775,-6.148627628740638
lcm,Stage 0: Composition (Magpie),cv_oof,-4.496209316942819,-5.7777918046562275
mgs,Stage 0: Composition (Magpie),cv_oof,-5.987162775294828,-6.470446366717854
31s,Stage 0: Composition (Magpie),cv_oof,-5.567030709125595,-5.67805358144078
dku,Stage 0: Composition (Magpie),cv_oof,-12.449771646944907,-10.304085065850389
ndx,Stage 0: Composition (Magpie),cv_oof,-12.494850021680094,-10.833489834889907
m0j,Stage 0: Composition (Magpie),cv_oof,-12.688246138944246,-10.332173392256285
9lo,Stage 0: Composition (Magpie),cv_oof,-12.756961951313706,-12.507252922503687
dth,Stage 0: Composition (Magpie),cv_oof,-11.886056647693163,-5.923302918741666
45e,Stage 0: Composition (Magpie),cv_oof,-9.10790539730952,-5.293852543623051
x2i,Stage 0: Composition (Magpie),cv_oof,-7.42021640338319,-9.894309514762105
xz4,Stage 0: Composition (Magpie),cv_oof,-7.886056647693163,-7.788018270168514
hja,Stage 0: Composition (Magpie),cv_oof,-9.0,-6.979176568834904
3nb,Stage 0: Composition (Magpie),cv_oof,-9.744727494896694,-7.072738982564357
qa9,Stage 0: Composition (Magpie),cv_oof,-9.795880017344075,-7.081353701804385
ihb,Stage 0: Composition (Magpie),cv_oof,-3.0087739243075053,-3.4203150932458013
3k7,Stage 0: Composition (Magpie),cv_oof,-2.9746941347352296,-3.4864414712719114
1sz,Stage 0: Composition (Magpie),cv_oof,-3.032452023781138,-3.6102166264006557
yh8,Stage 0: Composition (Magpie),cv_oof,-3.2062096153091812,-3.5315895553637198
coh,Stage 0: Composition (Magpie),cv_oof,-3.75448733218585,-3.4820040740711824
1pw,Stage 0: Composition (Magpie),cv_oof,-3.9746941347352296,-3.3134158830896014
bw3,Stage 0: Composition (Magpie),cv_oof,-3.1904402853647325,-3.608822865772059
my5,Stage 0: Composition (Magpie),cv_oof,-3.306273051076353,-3.644181765820289
hta,Stage 0: Composition (Magpie),cv_oof,-3.0190880622231564,-3.987811436012036
s3h,Stage 0: Composition (Magpie),cv_oof,-3.0338582672609675,-5.2128665602274715
nua,Stage 0: Composition (Magpie),cv_oof,-10.0,-7.9629511717802375
3rx,Stage 0: Composition (Magpie),cv_oof,-10.0,-7.808904904783698
7e5,Stage 0: Composition (Magpie),cv_oof,-6.7447274948966935,-4.510772703148442
sib,Stage 0: Composition (Magpie),cv_oof,-5.167491087293763,-5.394643120137284
r99,Stage 0: Composition (Magpie),cv_oof,-4.920818753952375,-5.066713905014008
lol,Stage 0: Composition (Magpie),cv_oof,-3.9208187539523753,-3.1204411909767606
d7f,Stage 0: Composition (Magpie),cv_oof,-9.387216143280265,-10.509441105946005
52b,Stage 0: Composition (Magpie),cv_oof,-1.9136401693252518,-2.4320518668704767
8po,Stage 0: Composition (Magpie),cv_oof,-1.8794260687941502,-2.0850738993195392
ya8,Stage 0: Composition (Magpie),cv_oof,-1.958607314841775,-2.4582367539040946
j8q,Stage 0: Composition (Magpie),cv_oof,-1.91721462968355,-2.36154441359635
824,Stage 0: Composition (Magpie),cv_oof,-1.8416375079047504,-2.325883516695527
mqo,Stage 0: Composition (Magpie),cv_oof,-2.171984935776023,-2.601194325935428
izs,Stage 0: Composition (Magpie),cv_oof,-2.2781893847874533,-2.60556819098428
8nc,Stage 0: Composition (Magpie),cv_oof,-2.2479515521805613,-2.914359441550011
3sx,Stage 0: Composition (Magpie),cv_oof,-2.3757179041643317,-2.4868954109254044
xga,Stage 0: Composition (Magpie),cv_oof,-2.4282911681913126,-2.2409694665903084
xn9,Stage 0: Composition (Magpie),cv_oof,-2.4377071355435254,-2.704854327850197
sg4,Stage 0: Composition (Magpie),cv_oof,-2.360513510731414,-2.5436125764587194
ns3,Stage 0: Composition (Magpie),cv_oof,-2.3045183235098023,-2.740050164481927
g8j,Stage 0: Composition (Magpie),cv_oof,-2.343901797987168,-2.6995683830522452
bim,Stage 0: Composition (Magpie),cv_oof,-2.4436974992327127,-3.0300420841616096
02p,Stage 0: Composition (Magpie),cv_oof,-2.638272163982407,-2.4712531732428316
9lx,Stage 0: Composition (Magpie),cv_oof,-2.154901959985743,-2.433591793639632
mtn,Stage 0: Composition (Magpie),cv_oof,-1.609064892896621,-2.50436882991509
9rc,Stage 0: Composition (Magpie),cv_oof,-1.85078088734462,-2.6070984792765746
13q,Stage 0: Composition (Magpie),cv_oof,-2.4001169279263124,-2.2082469301112386
ik8,Stage 0: Composition (Magpie),cv_oof,-2.1290111862394245,-2.6706786376983294
nip,Stage 0: Composition (Magpie),cv_oof,-2.2596373105057563,-2.534760371241622
1hh,Stage 0: Composition (Magpie),cv_oof,-1.9208187539523751,-2.50436882991509
8ub,Stage 0: Composition (Magpie),cv_oof,-2.0560111249262283,-2.7588648672038167
7tu,Stage 0: Composition (Magpie),cv_oof,-2.106793246940152,-2.4998662165556382
ui6,Stage 0: Composition (Magpie),cv_oof,-1.958607314841775,-2.397633069492995
nkr,Stage 0: Composition (Magpie),cv_oof,-2.844663962534938,-2.0143423259223594
906,Stage 0: Composition (Magpie),cv_oof,-3.251037138743839,-2.4618735831927143
fnu,Stage 0: Composition (Magpie),cv_oof,-3.2426039712069756,-3.042241160566486
pfi,Stage 0: Composition (Magpie),cv_oof,-3.1505805862031004,-3.42043360067701
f0h,Stage 0: Composition (Magpie),cv_oof,-3.500312917381596,-4.05929675612147
7iw,Stage 0: Composition (Magpie),cv_oof,-4.000869458712629,-3.6035347711317813
ikh,Stage 0: Composition (Magpie),cv_oof,-2.9208187539523753,-5.616824777043968
hd3,Stage 0: Composition (Magpie),cv_oof,-2.154901959985743,-2.498050097574608
ete,Stage 0: Composition (Magpie),cv_oof,-1.6020599913279623,-3.490829631020036
k4x,Stage 0: Composition (Magpie),cv_oof,-2.1870866433571443,-2.601194325935428
ia5,Stage 0: Composition (Magpie),cv_oof,-8.0,-9.688781087882013
sg0,Stage 0: Composition (Magpie),cv_oof,-10.0,-9.552671856585265
97b,Stage 0: Composition (Magpie),cv_oof,-10.0,-8.295375693791222
wyu,Stage 0: Composition (Magpie),cv_oof,-5.787812395596042,-4.25904515684262
019,Stage 0: Composition (Magpie),cv_oof,-3.7931741239681505,-5.675149197568417
yqu,Stage 0: Composition (Magpie),cv_oof,-2.3169529617611504,-3.5817750569560114
95j,Stage 0: Composition (Magpie),cv_oof,-6.853871964321762,-7.19449168051838
0iv,Stage 0: Composition (Magpie),cv_oof,-6.623423042943488,-7.112829893781588
2ro,Stage 0: Composition (Magpie),cv_oof,-9.795880017344075,-6.181717004661114
deu,Stage 0: Composition (Magpie),cv_oof,-4.366531544420414,-5.589665400250601
usu,Stage 0: Composition (Magpie),cv_oof,-5.366531544420414,-4.4189920802672455
ur9,Stage 0: Composition (Magpie),cv_oof,-9.0,-6.021289892472875
0o6,Stage 0: Composition (Magpie),cv_oof,-4.000869458712629,-3.5187078620784273
a3l,Stage 0: Composition (Magpie),cv_oof,-6.54821356447571,-6.815880261742629
4ba,Stage 0: Composition (Magpie),cv_oof,-6.47755576649368,-7.2069301572173705
qea,Stage 0: Composition (Magpie),cv_oof,-5.698970004336019,-5.08062140343047
ldx,Stage 0: Composition (Magpie),cv_oof,-8.316052869248487,-6.1927210603686635
0fh,Stage 0: Composition (Magpie),cv_oof,-4.316052869248487,-4.122026303929576
gw2,Stage 0: Composition (Magpie),cv_oof,-3.72584215073632,-3.6887129007454673
1xf,Stage 0: Composition (Magpie),cv_oof,-3.473660722610156,-4.194394246140893
tjh,Stage 0: Composition (Magpie),cv_oof,-3.5783960731301687,-4.310190326630861
8fn,Stage 0: Composition (Magpie),cv_oof,-3.8632794328435933,-4.124646298616355
mdj,Stage 0: Composition (Magpie),cv_oof,-4.0655015487564325,-3.687859175929642
t1l,Stage 0: Composition (Magpie),cv_oof,-3.494850021680094,-4.784179770355432
my9,Stage 0: Composition (Magpie),cv_oof,-3.2254830342714502,-3.0202837522422548
9s4,Stage 0: Composition (Magpie),cv_oof,-3.141462802430361,-3.455184038346674
iqt,Stage 0: Composition (Magpie),cv_oof,-3.4111682744057927,-3.139518864021446
xa0,Stage 0: Composition (Magpie),cv_oof,-3.6055483191737836,-4.244196654048355
f4x,Stage 0: Composition (Magpie),cv_oof,-4.739928612014925,-3.6923363236444575
txm,Stage 0: Composition (Magpie),cv_oof,-4.454692883534176,-3.7390854397444198
v1t,Stage 0: Composition (Magpie),cv_oof,-3.826813731587726,-3.9565391959414122
d6b,Stage 0: Composition (Magpie),cv_oof,-3.413412695328245,-4.816573604262951
x9a,Stage 0: Composition (Magpie),cv_oof,-3.7904849854573692,-3.418503364226362
3ta,Stage 0: Composition (Magpie),cv_oof,-3.583359492661719,-3.559474297541176
gjy,Stage 0: Composition (Magpie),cv_oof,-3.8927900303521317,-3.7398165789169666
lz8,Stage 0: Composition (Magpie),cv_oof,-3.9136401693252516,-3.803414543973641
6st,Stage 0: Composition (Magpie),cv_oof,-3.744727494896694,-3.4632805181991593
t9r,Stage 0: Composition (Magpie),cv_oof,-3.6090648928966207,-3.6451301896821935
xr7,Stage 0: Composition (Magpie),cv_oof,-3.406713932979543,-3.6828161887055884
pg8,Stage 0: Composition (Magpie),cv_oof,-3.7594507517174,-3.5342014653474414
1wm,Stage 0: Composition (Magpie),cv_oof,-3.161150909262745,-3.6479305599997343
do2,Stage 0: Composition (Magpie),cv_oof,-3.153044674980176,-3.412364734569667
uaj,Stage 0: Composition (Magpie),cv_oof,-3.288192770958809,-3.392970555226859
5u3,Stage 0: Composition (Magpie),cv_oof,-3.408935392973501,-3.879554376179063
2eq,Stage 0: Composition (Magpie),cv_oof,-3.4056074496245734,-4.089966384618174
yn6,Stage 0: Composition (Magpie),cv_oof,-3.5199930570428495,-3.7559393829587377
8jy,Stage 0: Composition (Magpie),cv_oof,-3.6903698325741012,-4.276510122147881
p4l,Stage 0: Composition (Magpie),cv_oof,-4.096910013008056,-3.5564024453476906
qkr,Stage 0: Composition (Magpie),cv_oof,-3.281498311132726,-3.7986374564754906
e0z,Stage 0: Composition (Magpie),cv_oof,-3.3027706572402824,-3.692212065056779
vus,Stage 0: Composition (Magpie),cv_oof,-3.55129368009492,-3.804854494895301
h7r,Stage 0: Composition (Magpie),cv_oof,-4.642065152999546,-4.909118250409234
9ky,Stage 0: Composition (Magpie),cv_oof,-5.025949097207123,-7.181259154506769
4ea,Stage 0: Composition (Magpie),cv_oof,-5.501689446210399,-7.364687832305744
z7n,Stage 0: Composition (Magpie),cv_oof,-7.036212172654444,-6.7747976958964795
7kf,Stage 0: Composition (Magpie),cv_oof,-2.9136401693252516,-4.710284148717784
i8k,Stage 0: Composition (Magpie),cv_oof,-4.0851281824599495,-3.707939947729127
hzf,Stage 0: Composition (Magpie),cv_oof,-3.0123337350737254,-3.3665707548292687
x61,Stage 0: Composition (Magpie),cv_oof,-2.906578314837765,-3.661786424827214
czo,Stage 0: Composition (Magpie),cv_oof,-3.3675427078152755,-3.563095302036749
o8s,Stage 0: Composition (Magpie),cv_oof,-3.344861565188618,-3.5457406469190818
lap,Stage 0: Composition (Magpie),cv_oof,-2.9469215565165805,-3.1240540909685324
yp3,Stage 0: Composition (Magpie),cv_oof,-4.221848749616356,-5.412906934445699
tzl,Stage 0: Composition (Magpie),cv_oof,-2.958607314841775,-4.001912187645885
hyj,Stage 0: Composition (Magpie),cv_oof,-3.1739251972991736,-3.492914917575409
mg4,Stage 0: Composition (Magpie),cv_oof,-2.207608310501746,-3.455184038346674
50s,Stage 0: Composition (Magpie),cv_oof,-2.4814860601221125,-3.139518864021446
d4q,Stage 0: Composition (Magpie),cv_oof,-3.744727494896694,-4.30804648544658
6he,Stage 0: Composition (Magpie),cv_oof,-3.5850266520291822,-3.7790915693649008
pwy,Stage 0: Composition (Magpie),cv_oof,-3.3665315444204134,-3.9273356412610676
y9l,Stage 0: Composition (Magpie),cv_oof,-3.537602002101044,-4.124646101798755
rc1,Stage 0: Composition (Magpie),cv_oof,-3.886056647693163,-3.75334643550663
lzt,Stage 0: Composition (Magpie),cv_oof,-3.2006594505464183,-3.8362477976646994
kbp,Stage 0: Composition (Magpie),cv_oof,-2.853871964321762,-3.658193631597867
b9u,Stage 0: Composition (Magpie),cv_oof,-2.638272163982407,-3.8438665074451492
3uq,Stage 0: Composition (Magpie),cv_oof,-4.084072788302884,-4.2429765191786055
1dm,Stage 0: Composition (Magpie),cv_oof,-3.5466816599529625,-3.950332007868524
rg6,Stage 0: Composition (Magpie),cv_oof,-2.4710832997223453,-2.8919448669638466
ed4,Stage 0: Composition (Magpie),cv_oof,-4.100179497572904,-4.7479061872093
vg0,Stage 0: Composition (Magpie),cv_oof,-3.721246399047171,-4.194394246140893
z9y,Stage 0: Composition (Magpie),cv_oof,-2.4710832997223453,-3.5817750569560114
w3n,Stage 0: Composition (Magpie),cv_oof,-2.9507819773298185,-3.139518864021446
ym6,Stage 0: Composition (Magpie),cv_oof,-2.91721462968355,-2.9648092441040026
nng,Stage 0: Composition (Magpie),cv_oof,-3.154901959985743,-3.1021177685358037
qno,Stage 0: Composition (Magpie),cv_oof,-6.416801226031377,-5.675149197568417
oxc,Stage 0: Composition (Magpie),cv_oof,-2.2494916051486538,-3.1161231471673063
dq4,Stage 0: Composition (Magpie),cv_oof,-3.370590400897281,-3.510772026998271
0fa,Stage 0: Composition (Magpie),cv_oof,-3.570247719997592,-3.3665707548292687
rr5,Stage 0: Composition (Magpie),cv_oof,-4.142667503568732,-5.68986586668337
6j9,Stage 0: Composition (Magpie),cv_oof,-3.282329496997738,-3.6689950923614365
0x9,Stage 0: Composition (Magpie),cv_oof,-3.6090648928966207,-3.6479305599997343
iwe,Stage 0: Composition (Magpie),cv_oof,-3.39040559077478,-3.412364734569667
ib2,Stage 0: Composition (Magpie),cv_oof,-3.8013429130455774,-3.7944004419456325
ppz,Stage 0: Composition (Magpie),cv_oof,-5.0,-4.478233101714896
ci1,Stage 0: Composition (Magpie),cv_oof,-7.251811972993799,-5.827080080309936
08e,Stage 0: Composition (Magpie),cv_oof,-7.070581074285707,-4.011662734787118
xkh,Stage 0: Composition (Magpie),cv_oof,-7.494850021680094,-5.289466337443658
wng,Stage 0: Composition (Magpie),cv_oof,-5.3979400086720375,-4.698054615282618
ncr,Stage 0: Composition (Magpie),cv_oof,-6.164309428507575,-6.815880261742629
dx2,Stage 0: Composition (Magpie),cv_oof,-3.9706162223147903,-4.522920069599813
6xc,Stage 0: Composition (Magpie),cv_oof,-4.289882634888183,-4.942619523705312
21m,Stage 0: Composition (Magpie),cv_oof,-4.230622673923862,-4.645356542295933
4k1,Stage 0: Composition (Magpie),cv_oof,-4.610833915635467,-4.8015488991346365
gzp,Stage 0: Composition (Magpie),cv_oof,-4.009217308196862,-4.53231535732447
lh8,Stage 0: Composition (Magpie),cv_oof,-6.279014255846261,-4.595395821159144
ew5,Stage 0: Composition (Magpie),cv_oof,-4.267606240177032,-4.937981727915735
9l3,Stage 0: Composition (Magpie),cv_oof,-3.8477116556169433,-4.870340426831297
jdk,Stage 0: Composition (Magpie),cv_oof,-4.448550002027125,-4.478274039513598
h8a,Stage 0: Composition (Magpie),cv_oof,-4.079876673709276,-4.975032014625667
jq7,Stage 0: Composition (Magpie),cv_oof,-4.496209316942819,-4.485797260145141
ylt,Stage 0: Composition (Magpie),cv_oof,-3.8477116556169433,-4.945462797299726
gnq,Stage 0: Composition (Magpie),cv_oof,-4.686132779630847,-4.311151031960418
sso,Stage 0: Composition (Magpie),cv_oof,-4.679853713888946,-4.704761633858004
lpx,Stage 0: Composition (Magpie),cv_oof,-4.1487416512809245,-4.848976424240133
f7p,Stage 0: Composition (Magpie),cv_oof,-3.9208187539523753,-3.4327650856587852
l8t,Stage 0: Composition (Magpie),cv_oof,-4.136677139879544,-3.6220279164861613
3tt,Stage 0: Composition (Magpie),cv_oof,-4.721246399047171,-3.510772026998271
za6,Stage 0: Composition (Magpie),cv_oof,-5.5376020021010435,-4.4599076359750995
ag1,Stage 0: Composition (Magpie),cv_oof,-4.4089353929735005,-4.038520093278988
u5t,Stage 0: Composition (Magpie),cv_oof,-3.552841968657781,-4.194394246140893
0y6,Stage 0: Composition (Magpie),cv_oof,-3.853871964321762,-3.8764809196574395
yq2,Stage 0: Composition (Magpie),cv_oof,-4.522878745280337,-3.272288347609168
kab,Stage 0: Composition (Magpie),cv_oof,-4.425968732272281,-2.9648092441040026
tp2,Stage 0: Composition (Magpie),cv_oof,-4.638272163982407,-5.592471872122739
nf0,Stage 0: Composition (Magpie),cv_oof,-4.958607314841775,-3.206275088560295
fkt,Stage 0: Composition (Magpie),cv_oof,-3.277366077466188,-3.6972217656268125
ctg,Stage 0: Composition (Magpie),cv_oof,-3.277366077466188,-3.4723148035267815
4t5,Stage 0: Composition (Magpie),cv_oof,-9.447331783887806,-5.258772850327654
smk,Stage 0: Composition (Magpie),cv_oof,-7.498940737782249,-7.4857155108456
vtr,Stage 0: Composition (Magpie),cv_oof,-5.863279432843593,-4.941767123272835
dc8,Stage 0: Composition (Magpie),cv_oof,-10.0,-10.29404508920111
hai,Stage 0: Composition (Magpie),cv_oof,-10.0,-8.814748149832669
tvf,Stage 0: Composition (Magpie),cv_oof,-5.0,-7.546064238485113
u8r,Stage 0: Composition (Magpie),cv_oof,-10.0,-9.344641898827698
gvd,Stage 0: Composition (Magpie),cv_oof,-3.2390500485891027,-5.521862020778328
uex,Stage 0: Composition (Magpie),cv_oof,-10.0,-9.629154033541704
11b,Stage 0: Composition (Magpie),cv_oof,-3.153044674980176,-5.44721758672148
fft,Stage 0: Composition (Magpie),cv_oof,-3.6808939406902237,-4.889069274188472
lf5,Stage 0: Composition (Magpie),cv_oof,-5.221848749616356,-4.8265544722499865
68u,Stage 0: Composition (Magpie),cv_oof,-5.096910013008056,-5.22525786389458
gyw,Stage 0: Composition (Magpie),cv_oof,-5.376750709602099,-5.105222168167838
0v9,Stage 0: Composition (Magpie),cv_oof,-4.619788758288394,-4.405370097663243
qtc,Stage 0: Composition (Magpie),cv_oof,-4.97469413473523,-4.963426044612829
vy5,Stage 0: Composition (Magpie),cv_oof,-7.866461091629782,-8.399002502491292
rwr,Stage 0: Composition (Magpie),cv_oof,-4.7447274948966935,-5.734347356182952
pql,Stage 0: Composition (Magpie),cv_oof,-4.346787486224656,-6.009738970652219
dl7,Stage 0: Composition (Magpie),cv_oof,-10.0,-10.117386825949831
i12,Stage 0: Composition (Magpie),cv_oof,-10.0,-9.398329475471359
aui,Stage 0: Composition (Magpie),cv_oof,-10.0,-9.825122057802295
mfs,Stage 0: Composition (Magpie),cv_oof,-10.0,-9.982033301048448
jl4,Stage 0: Composition (Magpie),cv_oof,-9.18309616062434,-8.19854923552197
jkq,Stage 0: Composition (Magpie),cv_oof,-10.8153085691824,-8.151768136844206
yav,Stage 0: Composition (Magpie),cv_oof,-5.158015195409886,-5.930499837216223
9yt,Stage 0: Composition (Magpie),cv_oof,-2.7304870557820835,-2.7301348368768306
122,Stage 0: Composition (Magpie),cv_oof,-2.688246138944246,-3.7203673148965186
ij5,Stage 0: Composition (Magpie),cv_oof,-2.4775557664936803,-2.9410131300154227
6jf,Stage 0: Composition (Magpie),cv_oof,-2.939302159646388,-3.7962721795362877
ymc,Stage 0: Composition (Magpie),cv_oof,-4.581698708680254,-3.4884085788593766
ywe,Stage 0: Composition (Magpie),cv_oof,-5.886056647693163,-4.27044963597639
kgl,Stage 0: Composition (Magpie),cv_oof,-2.6458915608525992,-3.3876415519720315
vqj,Stage 0: Composition (Magpie),cv_oof,-3.9507819773298185,-3.1228003916315483
h82,Stage 0: Composition (Magpie),cv_oof,-5.3260580013659125,-3.6919255010974386
9zr,Stage 0: Composition (Magpie),cv_oof,-3.1542819820333414,-2.8211195366288266
a8v,Stage 0: Composition (Magpie),cv_oof,-3.0565054840938974,-3.023872288681266
09w,Stage 0: Composition (Magpie),cv_oof,-3.359518563029578,-3.2634358724147394
x2v,Stage 0: Composition (Magpie),cv_oof,-3.0589857562944305,-3.0677047900735985
bnh,Stage 0: Composition (Magpie),cv_oof,-3.097453220686009,-3.291540418911003
x9d,Stage 0: Composition (Magpie),cv_oof,-3.0447934624580584,-3.1963431658750143
ish,Stage 0: Composition (Magpie),cv_oof,-3.0310503190186573,-3.2374310562848736
iiy,Stage 0: Composition (Magpie),cv_oof,-2.7721132953863266,-3.4696339129884772
3zo,Stage 0: Composition (Magpie),cv_oof,-2.96657624451305,-3.060651563972426
vj7,Stage 0: Composition (Magpie),cv_oof,-2.85078088734462,-3.094134357628186
wsd,Stage 0: Composition (Magpie),cv_oof,-2.7825160557860937,-2.855421740873662
10s,Stage 0: Composition (Magpie),cv_oof,-2.630784142589857,-2.9906855797794845
fkj,Stage 0: Composition (Magpie),cv_oof,-2.6595558851598815,-3.0138029973148446
tt3,Stage 0: Composition (Magpie),cv_oof,-2.886056647693163,-3.631038492988639
nig,Stage 0: Composition (Magpie),cv_oof,-2.5575202309355514,-3.7962721795362877
z16,Stage 0: Composition (Magpie),cv_oof,-2.494850021680094,-3.106512792873591
hbz,Stage 0: Composition (Magpie),cv_oof,-2.406713932979543,-3.049214596382013
uut,Stage 0: Composition (Magpie),cv_oof,-2.441291429466834,-3.1157982482703437
cju,Stage 0: Composition (Magpie),cv_oof,-2.438898616350944,-2.8891589235466903
d9l,Stage 0: Composition (Magpie),cv_oof,-2.571865205971211,-2.751472228764665
96f,Stage 0: Composition (Magpie),cv_oof,-2.555955204081924,-2.5684148293869824
1kq,Stage 0: Composition (Magpie),cv_oof,-2.5214335044061564,-2.771897390737542
c6e,Stage 0: Composition (Magpie),cv_oof,-2.4584207560534193,-2.7978395547984367
t2c,Stage 0: Composition (Magpie),cv_oof,-2.417936637088291,-3.142001241574603
dlj,Stage 0: Composition (Magpie),cv_oof,-2.4424927980943423,-3.2322015227476446
w87,Stage 0: Composition (Magpie),cv_oof,-4.494850021680094,-2.8211195366288266
97p,Stage 0: Composition (Magpie),cv_oof,-4.481486060122113,-2.9861051559814564
p9u,Stage 0: Composition (Magpie),cv_oof,-3.657577319177794,-4.473204812403131
5wz,Stage 0: Composition (Magpie),cv_oof,-5.8996294548824375,-4.331499665519013
5gj,Stage 0: Composition (Magpie),cv_oof,-5.052566278112949,-3.7631113702451047
t17,Stage 0: Composition (Magpie),cv_oof,-4.405607449624573,-3.84994591205554
kf7,Stage 0: Composition (Magpie),cv_oof,-4.496209316942819,-3.7889008337502137
utv,Stage 0: Composition (Magpie),cv_oof,-3.8239087409443187,-3.4207110761792294
q9f,Stage 0: Composition (Magpie),cv_oof,-3.1870866433571443,-3.4562951068025534
5qw,Stage 0: Composition (Magpie),cv_oof,-2.8239087409443187,-3.214595073529125
znj,Stage 0: Composition (Magpie),cv_oof,-2.7304870557820835,-3.018166099748006
pa1,Stage 0: Composition (Magpie),cv_oof,-2.2831622767004753,-2.9320789327542576
lxk,Stage 0: Composition (Magpie),cv_oof,-2.25649023527157,-3.171951411164645
1m8,Stage 0: Composition (Magpie),cv_oof,-2.58838029403677,-3.1125407548120525
ga9,Stage 0: Composition (Magpie),cv_oof,-3.987162775294828,-4.332017647512659
240,Stage 0: Composition (Magpie),cv_oof,-4.0655015487564325,-5.690023895984322
6l9,Stage 0: Composition (Magpie),cv_oof,-5.698970004336019,-7.5287877070134
gas,Stage 0: Composition (Magpie),cv_oof,-3.5850266520291822,-3.702154202561168
f5n,Stage 0: Composition (Magpie),cv_oof,-4.413412695328245,-4.991245013249446
hx7,Stage 0: Composition (Magpie),cv_oof,-5.920818753952375,-4.4523220412162
oi4,Stage 0: Composition (Magpie),cv_oof,-3.42021640338319,-5.351240202860385
sv7,Stage 0: Composition (Magpie),cv_oof,-3.0,-4.530287868170064
qbb,Stage 0: Composition (Magpie),cv_oof,-5.958607314841775,-6.17018667272172
w1l,Stage 0: Composition (Magpie),cv_oof,-4.221848749616356,-5.497684320925982
jce,Stage 0: Composition (Magpie),cv_oof,-4.0,-5.54344801018538
9ph,Stage 0: Composition (Magpie),cv_oof,-3.96657624451305,-3.4203150932458013
kkn,Stage 0: Composition (Magpie),cv_oof,-8.0,-5.289652908543886
m0v,Stage 0: Composition (Magpie),cv_oof,-7.219682687859849,-8.88757573969994
6du,Stage 0: Composition (Magpie),cv_oof,-7.761953896871205,-7.974061261717913
u0c,Stage 0: Composition (Magpie),cv_oof,-8.372634143407268,-8.151768136844206
xub,Stage 0: Composition (Magpie),cv_oof,-8.821023052706831,-8.2849252913683
bjw,Stage 0: Composition (Magpie),cv_oof,-5.319664486585437,-6.4663777248649374
dvn,Stage 0: Composition (Magpie),cv_oof,-6.204815410317576,-5.728220872511988
t3k,Stage 0: Composition (Magpie),cv_oof,-6.6252516539898965,-4.875681096280235
uxi,Stage 0: Composition (Magpie),cv_oof,-7.00436480540245,-5.823401243371059
r5y,Stage 0: Composition (Magpie),cv_oof,-6.236572006437063,-6.040894761455199
ek5,Stage 0: Composition (Magpie),cv_oof,-10.0,-9.855812733881779
xut,Stage 0: Composition (Magpie),cv_oof,-10.0,-9.474387085002705
ckw,Stage 0: Composition (Magpie),cv_oof,-10.0,-9.783413641189089
yab,Stage 0: Composition (Magpie),cv_oof,-10.0,-9.441708698644984
ysm,Stage 0: Composition (Magpie),cv_oof,-10.0,-9.82284991629951
e81,Stage 0: Composition (Magpie),cv_oof,-10.0,-9.168014988991683
3qz,Stage 0: Composition (Magpie),cv_oof,-3.9208187539523753,-4.420195796291037
cjq,Stage 0: Composition (Magpie),cv_oof,-5.376750709602099,-5.242436894162747
uaz,Stage 0: Composition (Magpie),cv_oof,-5.795880017344075,-5.307298719707496
aax,Stage 0: Composition (Magpie),cv_oof,-5.130181792020672,-4.834169804977801
o86,Stage 0: Composition (Magpie),cv_oof,-4.85078088734462,-4.757610864092086
coi,Stage 0: Composition (Magpie),cv_oof,-4.30189945437661,-4.765946667448805
3vi,Stage 0: Composition (Magpie),cv_oof,-4.511449283499556,-4.506095138688072
vwn,Stage 0: Composition (Magpie),cv_oof,-4.928117992693875,-4.338457138784713
tlp,Stage 0: Composition (Magpie),cv_oof,-5.54515513999149,-4.761493765674585
ka6,Stage 0: Composition (Magpie),cv_oof,-5.179798540514359,-5.3779264865740535
7o7,Stage 0: Composition (Magpie),cv_oof,-4.530177984021837,-5.144304233348119
d6f,Stage 0: Composition (Magpie),cv_oof,-3.4685210829577446,-3.4446257458136316
dvs,Stage 0: Composition (Magpie),cv_oof,-3.0915149811213505,-3.7367236836023836
3o4,Stage 0: Composition (Magpie),cv_oof,-3.4559319556497243,-3.383317894894846
kji,Stage 0: Composition (Magpie),cv_oof,-3.0,-3.558710831596563
gdr,Stage 0: Composition (Magpie),cv_oof,-3.494850021680094,-3.835818453405179
v1q,Stage 0: Composition (Magpie),cv_oof,-3.136677139879544,-3.397762895402877
4vd,Stage 0: Composition (Magpie),cv_oof,-3.2006594505464183,-3.464273122854433
5xk,Stage 0: Composition (Magpie),cv_oof,-3.337242168318426,-3.421509030902451
2wb,Stage 0: Composition (Magpie),cv_oof,-3.3279021420642825,-3.447553137714214
zfg,Stage 0: Composition (Magpie),cv_oof,-3.3979400086720375,-3.411985494912726
6hq,Stage 0: Composition (Magpie),cv_oof,-3.4559319556497243,-4.570546283300881
hcm,Stage 0: Composition (Magpie),cv_oof,-4.468521082957745,-5.287280113457329
e6a,Stage 0: Composition (Magpie),cv_oof,-3.161150909262745,-3.397512095727625
g5q,Stage 0: Composition (Magpie),cv_oof,-3.552841968657781,-3.447553137714214
5z8,Stage 0: Composition (Magpie),cv_oof,-3.309803919971486,-4.085938216716383
r07,Stage 0: Composition (Magpie),cv_oof,-3.4814860601221125,-3.3557672871652824
uht,Stage 0: Composition (Magpie),cv_oof,-2.9913998282380825,-3.5631832206653247
kbq,Stage 0: Composition (Magpie),cv_oof,-4.721246399047171,-5.301472927722876
uw9,Stage 0: Composition (Magpie),cv_oof,-4.698970004336019,-5.244813253442767
vqu,Stage 0: Composition (Magpie),cv_oof,-6.886056647693163,-5.402191348313606
xog,Stage 0: Composition (Magpie),cv_oof,-5.107905397309519,-5.330371933391108
bi3,Stage 0: Composition (Magpie),cv_oof,-5.200659450546418,-4.33735010932878
gcj,Stage 0: Composition (Magpie),cv_oof,-5.876148359032914,-5.399835052424097
20k,Stage 0: Composition (Magpie),cv_oof,-5.432973633840939,-5.191269564814682
jej,Stage 0: Composition (Magpie),cv_oof,-5.657577319177793,-5.359263647633319
hud,Stage 0: Composition (Magpie),cv_oof,-4.886056647693163,-4.97593097505113
4uu,Stage 0: Composition (Magpie),cv_oof,-3.3872161432802645,-3.6422097618204274
sdz,Stage 0: Composition (Magpie),cv_oof,-3.431798275933005,-3.359369347574
7w5,Stage 0: Composition (Magpie),cv_oof,-3.0604807473813813,-3.447553137714214
etz,Stage 0: Composition (Magpie),cv_oof,-5.705533773838407,-4.420195796291037
ner,Stage 0: Composition (Magpie),cv_oof,-4.772113295386326,-4.97593097505113
z2s,Stage 0: Composition (Magpie),cv_oof,-4.4089353929735005,-3.8963181688555575
72f,Stage 0: Composition (Magpie),cv_oof,-3.677780705266081,-3.390751785804824
sqm,Stage 0: Composition (Magpie),cv_oof,-5.1487416512809245,-4.787924469225958
zxr,Stage 0: Composition (Magpie),cv_oof,-5.267606240177032,-5.221470177016143
h89,Stage 0: Composition (Magpie),cv_oof,-4.823908740944319,-4.97593097505113
l9r,Stage 0: Composition (Magpie),cv_oof,-5.657577319177793,-5.270393354335128
544,Stage 0: Composition (Magpie),cv_oof,-4.3979400086720375,-4.877600967833525
ps0,Stage 0: Composition (Magpie),cv_oof,-5.154901959985743,-5.06580454586771
ueu,Stage 0: Composition (Magpie),cv_oof,-3.0443122496864943,-3.9287226302873988
uwh,Stage 0: Composition (Magpie),cv_oof,-3.987162775294828,-4.976972108927162
gz8,Stage 0: Composition (Magpie),cv_oof,-4.798602875679548,-5.287280113457329
419,Stage 0: Composition (Magpie),cv_oof,-5.148130399270234,-4.685785981268933
c0g,Stage 0: Composition (Magpie),cv_oof,-5.286509456906058,-4.773434652328428
kbu,Stage 0: Composition (Magpie),cv_oof,-4.667561540084395,-4.741130495936356
fam,Stage 0: Composition (Magpie),cv_oof,-4.928117992693875,-4.826232216711822
dae,Stage 0: Composition (Magpie),cv_oof,-4.853871964321762,-3.908678330380424
9p1,Stage 0: Composition (Magpie),cv_oof,-3.2448877336049287,-4.7903821238069435
gkl,Stage 0: Composition (Magpie),cv_oof,-5.294136287716081,-5.1706193083567005
ijh,Stage 0: Composition (Magpie),cv_oof,-4.872895201635193,-4.7374417990199555
q46,Stage 0: Composition (Magpie),cv_oof,-4.841637507904751,-4.985128613816014
8m3,Stage 0: Composition (Magpie),cv_oof,-5.243363891754152,-4.798475411319499
zyx,Stage 0: Composition (Magpie),cv_oof,-5.039529222465701,-4.643392603921563
qvu,Stage 0: Composition (Magpie),cv_oof,-5.014124642691606,-4.908634169758801
v07,Stage 0: Composition (Magpie),cv_oof,-4.0,-4.032244357747501
bqx,Stage 0: Composition (Magpie),cv_oof,-10.0,-9.706752537736586
z53,Stage 0: Composition (Magpie),cv_oof,-3.5044556624535517,-3.5024964070515963
8y4,Stage 0: Composition (Magpie),cv_oof,-3.4989407377822483,-3.377637748896355
ucw,Stage 0: Composition (Magpie),cv_oof,-3.360513510731414,-3.447553137714214
ff9,Stage 0: Composition (Magpie),cv_oof,-3.6458915608525992,-3.5605212835596154
2mn,Stage 0: Composition (Magpie),cv_oof,-3.291579099865287,-4.794643174841475
8ee,Stage 0: Composition (Magpie),cv_oof,-3.5086383061657274,-3.4746501957607907
8k7,Stage 0: Composition (Magpie),cv_oof,-5.812479279163537,-4.999342511623983
b7v,Stage 0: Composition (Magpie),cv_oof,-4.657577319177793,-5.618790402988612
66a,Stage 0: Composition (Magpie),cv_oof,-3.0969100130080562,-3.411985494912726
kh3,Stage 0: Composition (Magpie),cv_oof,-3.036212172654445,-3.4134390595977013
zqx,Stage 0: Composition (Magpie),cv_oof,-3.136677139879544,-3.5024964070515963
o5q,Stage 0: Composition (Magpie),cv_oof,-3.552841968657781,-3.232025940494096
0ew,Stage 0: Composition (Magpie),cv_oof,-3.795880017344075,-4.054691985001726
tbj,Stage 0: Composition (Magpie),cv_oof,-5.47755576649368,-5.25803317175733
dbs,Stage 0: Composition (Magpie),cv_oof,-3.1001794975729036,-3.4134390595977013
bt0,Stage 0: Composition (Magpie),cv_oof,-3.079876673709276,-3.4840153688095823
dti,Stage 0: Composition (Magpie),cv_oof,-3.078833949362261,-3.466756771208166
7gm,Stage 0: Composition (Magpie),cv_oof,-3.1999706407558657,-3.5109277220945025
c71,Stage 0: Composition (Magpie),cv_oof,-3.3080348972326394,-3.5891029242236896
rgo,Stage 0: Composition (Magpie),cv_oof,-5.576754126063192,-4.869455070936388
zzr,Stage 0: Composition (Magpie),cv_oof,-2.1191864077192086,-2.50436882991509
kop,Stage 0: Composition (Magpie),cv_oof,-2.193820026016113,-2.6424024196392306
rty,Stage 0: Composition (Magpie),cv_oof,-2.318758762624413,-2.4360518605207697
kko,Stage 0: Composition (Magpie),cv_oof,-2.42021640338319,-2.430843553256098
jqc,Stage 1: + Geometry,cv_oof,-5.800000874803203,-5.4585862348815395
oi6,Stage 1: + Geometry,cv_oof,-7.173925197299173,-5.410572779673581
2t8,Stage 1: + Geometry,cv_oof,-6.0915149811213505,-9.112348496421967
47i,Stage 1: + Geometry,cv_oof,-10.0,-12.970738508584393
clt,Stage 1: + Geometry,cv_oof,-13.0,-8.649016215391653
ix1,Stage 1: + Geometry,cv_oof,-6.494850021680094,-6.698363733515018
bq9,Stage 1: + Geometry,cv_oof,-9.619788758288394,-9.080824267312515
skm,Stage 1: + Geometry,cv_oof,-8.4089353929735,-9.085920776255945
pwr,Stage 1: + Geometry,cv_oof,-6.785156151952302,-8.091500646829923
b4c,Stage 1: + Geometry,cv_oof,-7.798602875679548,-8.803651981023718
7se,Stage 1: + Geometry,cv_oof,-6.090979145788844,-4.482498480287849
5e2,Stage 1: + Geometry,cv_oof,-4.1432711096171175,-4.078608578558169
dj2,Stage 1: + Geometry,cv_oof,-3.1791420105603,-4.512198465113071
10u,Stage 1: + Geometry,cv_oof,-5.494850021680094,-3.1699073542790037
y2l,Stage 1: + Geometry,cv_oof,-8.853871964321762,-8.452741681963339
gl0,Stage 1: + Geometry,cv_oof,-7.619788758288394,-7.042235608640939
wmr,Stage 1: + Geometry,cv_oof,-7.515700160653214,-7.3035704931211205
xxq,Stage 1: + Geometry,cv_oof,-7.835647144215563,-6.936537494275228
h8o,Stage 1: + Geometry,cv_oof,-6.640164517660112,-7.117141400436295
pe2,Stage 1: + Geometry,cv_oof,-8.978810700930062,-5.043925206153429
opo,Stage 1: + Geometry,cv_oof,-3.9208187539523753,-7.164090835904337
lkm,Stage 1: + Geometry,cv_oof,-6.070581074285707,-10.479493698385658
bv2,Stage 1: + Geometry,cv_oof,-7.7447274948966935,-7.6149577972459745
be9,Stage 1: + Geometry,cv_oof,-5.154901959985743,-6.075633090943233
n27,Stage 1: + Geometry,cv_oof,-8.0,-8.902949681290648
goi,Stage 1: + Geometry,cv_oof,-3.795880017344075,-6.542386745914227
lrh,Stage 1: + Geometry,cv_oof,-6.721246399047171,-6.57598724648505
1xt,Stage 1: + Geometry,cv_oof,-10.0,-9.468871524674508
kbo,Stage 1: + Geometry,cv_oof,-10.0,-9.840502814804491
5zv,Stage 1: + Geometry,cv_oof,-17.255707016877324,-9.829227772512208
5bz,Stage 1: + Geometry,cv_oof,-7.060480747381382,-8.33386284389104
883,Stage 1: + Geometry,cv_oof,-8.060480747381382,-8.440482477038373
uu4,Stage 1: + Geometry,cv_oof,-8.688246138944246,-7.297664964592957
tws,Stage 1: + Geometry,cv_oof,-9.2839966563652,-7.634605332502166
l9v,Stage 1: + Geometry,cv_oof,-6.301029995663981,-9.041062854879517
t0h,Stage 1: + Geometry,cv_oof,-9.214670164989233,-8.680662081116896
4kt,Stage 1: + Geometry,cv_oof,-10.0,-7.2701228145490004
xas,Stage 1: + Geometry,cv_oof,-4.823908740944319,-8.285696995504136
kfp,Stage 1: + Geometry,cv_oof,-16.796203144042632,-8.220407215102393
qy4,Stage 1: + Geometry,cv_oof,-5.055517327849832,-7.018277012726987
00x,Stage 1: + Geometry,cv_oof,-10.0,-10.54388704715135
9wf,Stage 1: + Geometry,cv_oof,-3.1870866433571443,-6.492229685455491
dmq,Stage 1: + Geometry,cv_oof,-7.882728704344236,-5.2044092531374035
uox,Stage 1: + Geometry,cv_oof,-11.247951552180561,-6.916421265253967
joc,Stage 1: + Geometry,cv_oof,-6.585026652029182,-7.273402859672447
mq1,Stage 1: + Geometry,cv_oof,-8.318758762624412,-7.244683211806446
ssv,Stage 1: + Geometry,cv_oof,-12.882728704344236,-8.229015246302806
h6c,Stage 1: + Geometry,cv_oof,-13.036212172654444,-10.57034324282394
bsa,Stage 1: + Geometry,cv_oof,-13.619788758288394,-11.553100457078036
mde,Stage 1: + Geometry,cv_oof,-10.0,-10.76657127303027
1e9,Stage 1: + Geometry,cv_oof,-9.0,-4.304513428579693
an2,Stage 1: + Geometry,cv_oof,-10.0,-7.835423076857771
tka,Stage 1: + Geometry,cv_oof,-7.209714835966758,-9.953859349230218
cdk,Stage 1: + Geometry,cv_oof,-10.0,-12.119238321701813
fwz,Stage 1: + Geometry,cv_oof,-5.698970004336019,-7.894593051382071
hln,Stage 1: + Geometry,cv_oof,-7.42021640338319,-7.230666334959726
cy2,Stage 1: + Geometry,cv_oof,-3.474955192963155,-3.6353401062458874
5tl,Stage 1: + Geometry,cv_oof,-3.354577730650908,-3.159340598553158
u2y,Stage 1: + Geometry,cv_oof,-3.0690509688324767,-3.116742865865284
kxh,Stage 1: + Geometry,cv_oof,-6.0,-4.827528529935868
3we,Stage 1: + Geometry,cv_oof,-7.096910013008056,-5.025002535475446
5z0,Stage 1: + Geometry,cv_oof,-9.301029995663981,-9.164727560630396
472,Stage 1: + Geometry,cv_oof,-9.769551078621726,-6.5060295941790525
9zk,Stage 1: + Geometry,cv_oof,-8.301029995663981,-8.674363312227687
dnt,Stage 1: + Geometry,cv_oof,-6.355561410532162,-6.273007493499374
g5g,Stage 1: + Geometry,cv_oof,-6.228412519118745,-6.621840007531577
hpu,Stage 1: + Geometry,cv_oof,-7.376750709602099,-6.219552886655227
c6h,Stage 1: + Geometry,cv_oof,-6.476253533188435,-6.080197651376653
vzu,Stage 1: + Geometry,cv_oof,-6.841637507904751,-6.692563779906398
a3e,Stage 1: + Geometry,cv_oof,-7.562249437179612,-6.900481926798293
ubi,Stage 1: + Geometry,cv_oof,-5.080921907623926,-6.700750429445046
9z8,Stage 1: + Geometry,cv_oof,-7.0851281824599495,-6.1400859706580375
nhq,Stage 1: + Geometry,cv_oof,-6.049148541111453,-6.8069477702407735
w7d,Stage 1: + Geometry,cv_oof,-17.3767507096021,-11.684100404572284
fj5,Stage 1: + Geometry,cv_oof,-6.347753658996677,-9.766406867051833
gxz,Stage 1: + Geometry,cv_oof,-10.0,-10.827109824764433
tbu,Stage 1: + Geometry,cv_oof,-10.0,-10.594171406093395
uxo,Stage 1: + Geometry,cv_oof,-12.853871964321762,-7.735774326167435
e6b,Stage 1: + Geometry,cv_oof,-6.698970004336019,-4.716225972544008
pbz,Stage 1: + Geometry,cv_oof,-5.247183568811729,-5.243101522187829
7ek,Stage 1: + Geometry,cv_oof,-4.42021640338319,-4.832459490617194
86k,Stage 1: + Geometry,cv_oof,-8.452225294612177,-6.651420226374343
kmv,Stage 1: + Geometry,cv_oof,-4.154901959985743,-5.504547181217917
n7a,Stage 1: + Geometry,cv_oof,-2.853871964321762,-7.0885492926564275
i6k,Stage 1: + Geometry,cv_oof,-6.698970004336019,-7.278070795291577
x94,Stage 1: + Geometry,cv_oof,-7.30715308072277,-7.075736299471567
e6e,Stage 1: + Geometry,cv_oof,-5.943095148663527,-7.112069909465989
ylh,Stage 1: + Geometry,cv_oof,-4.721246399047171,-6.8004556153869755
eij,Stage 1: + Geometry,cv_oof,-5.346787486224656,-6.140518847168165
ldd,Stage 1: + Geometry,cv_oof,-6.051098239029787,-5.225827935088342
efb,Stage 1: + Geometry,cv_oof,-4.958607314841775,-5.339027991892704
lcm,Stage 1: + Geometry,cv_oof,-4.496209316942819,-5.857037816596192
mgs,Stage 1: + Geometry,cv_oof,-5.987162775294828,-5.580229423313301
31s,Stage 1: + Geometry,cv_oof,-5.567030709125595,-5.404968403775079
dku,Stage 1: + Geometry,cv_oof,-12.449771646944907,-9.489976655802982
ndx,Stage 1: + Geometry,cv_oof,-12.494850021680094,-11.195978968522208
m0j,Stage 1: + Geometry,cv_oof,-12.688246138944246,-9.222982636877303
9lo,Stage 1: + Geometry,cv_oof,-12.756961951313706,-13.252990541833887
dth,Stage 1: + Geometry,cv_oof,-11.886056647693163,-7.760291084351707
45e,Stage 1: + Geometry,cv_oof,-9.10790539730952,-5.75487414334469
x2i,Stage 1: + Geometry,cv_oof,-7.42021640338319,-9.696429468804986
xz4,Stage 1: + Geometry,cv_oof,-7.886056647693163,-9.678055820712919
hja,Stage 1: + Geometry,cv_oof,-9.0,-8.797308993606629
3nb,Stage 1: + Geometry,cv_oof,-9.744727494896694,-8.299514711611591
qa9,Stage 1: + Geometry,cv_oof,-9.795880017344075,-7.649835619040642
ihb,Stage 1: + Geometry,cv_oof,-3.0087739243075053,-3.269202223378989
3k7,Stage 1: + Geometry,cv_oof,-2.9746941347352296,-3.127530400726987
1sz,Stage 1: + Geometry,cv_oof,-3.032452023781138,-3.1870688613927505
yh8,Stage 1: + Geometry,cv_oof,-3.2062096153091812,-3.1472747901674327
coh,Stage 1: + Geometry,cv_oof,-3.75448733218585,-3.4207198014697857
1pw,Stage 1: + Geometry,cv_oof,-3.9746941347352296,-3.608364091063625
bw3,Stage 1: + Geometry,cv_oof,-3.1904402853647325,-3.8134215728091867
my5,Stage 1: + Geometry,cv_oof,-3.306273051076353,-3.6342189560476865
hta,Stage 1: + Geometry,cv_oof,-3.0190880622231564,-3.0580290736086515
s3h,Stage 1: + Geometry,cv_oof,-3.0338582672609675,-4.286266612861404
nua,Stage 1: + Geometry,cv_oof,-10.0,-8.97428754596603
3rx,Stage 1: + Geometry,cv_oof,-10.0,-9.957078775813423
7e5,Stage 1: + Geometry,cv_oof,-6.7447274948966935,-4.956099113650141
sib,Stage 1: + Geometry,cv_oof,-5.167491087293763,-6.092984864983717
r99,Stage 1: + Geometry,cv_oof,-4.920818753952375,-6.401099991794678
lol,Stage 1: + Geometry,cv_oof,-3.9208187539523753,-4.196982893056248
d7f,Stage 1: + Geometry,cv_oof,-9.387216143280265,-10.232346212806362
52b,Stage 1: + Geometry,cv_oof,-1.9136401693252518,-2.1337576531831504
8po,Stage 1: + Geometry,cv_oof,-1.8794260687941502,-2.0659526426568626
ya8,Stage 1: + Geometry,cv_oof,-1.958607314841775,-1.9564774379454204
j8q,Stage 1: + Geometry,cv_oof,-1.91721462968355,-2.038747909754269
824,Stage 1: + Geometry,cv_oof,-1.8416375079047504,-1.8107492731714487
mqo,Stage 1: + Geometry,cv_oof,-2.171984935776023,-2.1959698653102
izs,Stage 1: + Geometry,cv_oof,-2.2781893847874533,-2.223870215056816
8nc,Stage 1: + Geometry,cv_oof,-2.2479515521805613,-2.2967755390986957
3sx,Stage 1: + Geometry,cv_oof,-2.3757179041643317,-2.138088474286039
xga,Stage 1: + Geometry,cv_oof,-2.4282911681913126,-2.426046677955976
xn9,Stage 1: + Geometry,cv_oof,-2.4377071355435254,-2.6208740775246158
sg4,Stage 1: + Geometry,cv_oof,-2.360513510731414,-2.4038945082033614
ns3,Stage 1: + Geometry,cv_oof,-2.3045183235098023,-2.490658724410764
g8j,Stage 1: + Geometry,cv_oof,-2.343901797987168,-2.394677053980254
bim,Stage 1: + Geometry,cv_oof,-2.4436974992327127,-2.731424103969237
02p,Stage 1: + Geometry,cv_oof,-2.638272163982407,-2.131368280765298
9lx,Stage 1: + Geometry,cv_oof,-2.154901959985743,-2.2576228825036764
mtn,Stage 1: + Geometry,cv_oof,-1.609064892896621,-2.0192795616693555
9rc,Stage 1: + Geometry,cv_oof,-1.85078088734462,-2.2446227711237134
13q,Stage 1: + Geometry,cv_oof,-2.4001169279263124,-2.2877369616201766
ik8,Stage 1: + Geometry,cv_oof,-2.1290111862394245,-2.132035449271249
nip,Stage 1: + Geometry,cv_oof,-2.2596373105057563,-2.1769214735212734
1hh,Stage 1: + Geometry,cv_oof,-1.9208187539523751,-2.3154150471994535
8ub,Stage 1: + Geometry,cv_oof,-2.0560111249262283,-1.652223111948415
7tu,Stage 1: + Geometry,cv_oof,-2.106793246940152,-2.2943165500924
ui6,Stage 1: + Geometry,cv_oof,-1.958607314841775,-2.164087066451982
nkr,Stage 1: + Geometry,cv_oof,-2.844663962534938,-1.9281830547821823
906,Stage 1: + Geometry,cv_oof,-3.251037138743839,-2.6635696687007018
fnu,Stage 1: + Geometry,cv_oof,-3.2426039712069756,-2.96711654374048
pfi,Stage 1: + Geometry,cv_oof,-3.1505805862031004,-3.4269608759746837
f0h,Stage 1: + Geometry,cv_oof,-3.500312917381596,-3.62037437832264
7iw,Stage 1: + Geometry,cv_oof,-4.000869458712629,-3.4152708132418996
ikh,Stage 1: + Geometry,cv_oof,-2.9208187539523753,-4.420822886141859
hd3,Stage 1: + Geometry,cv_oof,-2.154901959985743,-1.748698695211618
ete,Stage 1: + Geometry,cv_oof,-1.6020599913279623,-3.5953760958934637
k4x,Stage 1: + Geometry,cv_oof,-2.1870866433571443,-1.9816016169791197
ia5,Stage 1: + Geometry,cv_oof,-8.0,-7.9424998174119645
sg0,Stage 1: + Geometry,cv_oof,-10.0,-9.187441250334556
97b,Stage 1: + Geometry,cv_oof,-10.0,-5.532303030962643
wyu,Stage 1: + Geometry,cv_oof,-5.787812395596042,-9.085161456272395
019,Stage 1: + Geometry,cv_oof,-3.7931741239681505,-4.998384815798869
yqu,Stage 1: + Geometry,cv_oof,-2.3169529617611504,-3.5626148744624206
95j,Stage 1: + Geometry,cv_oof,-6.853871964321762,-8.35283157611484
0iv,Stage 1: + Geometry,cv_oof,-6.623423042943488,-8.301553899565564
2ro,Stage 1: + Geometry,cv_oof,-9.795880017344075,-6.307929006696734
deu,Stage 1: + Geometry,cv_oof,-4.366531544420414,-5.56847675559458
usu,Stage 1: + Geometry,cv_oof,-5.366531544420414,-4.705927270489905
ur9,Stage 1: + Geometry,cv_oof,-9.0,-6.385509564726742
0o6,Stage 1: + Geometry,cv_oof,-4.000869458712629,-3.608398083574621
a3l,Stage 1: + Geometry,cv_oof,-6.54821356447571,-6.402361725893681
4ba,Stage 1: + Geometry,cv_oof,-6.47755576649368,-7.632047629486544
qea,Stage 1: + Geometry,cv_oof,-5.698970004336019,-4.654672975914531
ldx,Stage 1: + Geometry,cv_oof,-8.316052869248487,-6.0684758928202065
0fh,Stage 1: + Geometry,cv_oof,-4.316052869248487,-3.92235431687309
gw2,Stage 1: + Geometry,cv_oof,-3.72584215073632,-4.193826565734594
1xf,Stage 1: + Geometry,cv_oof,-3.473660722610156,-3.621310360756636
tjh,Stage 1: + Geometry,cv_oof,-3.5783960731301687,-3.8625318367735177
8fn,Stage 1: + Geometry,cv_oof,-3.8632794328435933,-3.8158066477907093
mdj,Stage 1: + Geometry,cv_oof,-4.0655015487564325,-3.8257397759975755
t1l,Stage 1: + Geometry,cv_oof,-3.494850021680094,-4.4858018395674275
my9,Stage 1: + Geometry,cv_oof,-3.2254830342714502,-2.779196606667658
9s4,Stage 1: + Geometry,cv_oof,-3.141462802430361,-3.4480851759635938
iqt,Stage 1: + Geometry,cv_oof,-3.4111682744057927,-2.7333338675155225
xa0,Stage 1: + Geometry,cv_oof,-3.6055483191737836,-3.9255315892403444
f4x,Stage 1: + Geometry,cv_oof,-4.739928612014925,-3.5521422317106066
txm,Stage 1: + Geometry,cv_oof,-4.454692883534176,-3.790964650124561
v1t,Stage 1: + Geometry,cv_oof,-3.826813731587726,-3.832819842598345
d6b,Stage 1: + Geometry,cv_oof,-3.413412695328245,-3.8504560610481358
x9a,Stage 1: + Geometry,cv_oof,-3.7904849854573692,-3.855690067208266
3ta,Stage 1: + Geometry,cv_oof,-3.583359492661719,-3.6895635775310756
gjy,Stage 1: + Geometry,cv_oof,-3.8927900303521317,-3.3626432193871927
lz8,Stage 1: + Geometry,cv_oof,-3.9136401693252516,-3.7074986566969304
6st,Stage 1: + Geometry,cv_oof,-3.744727494896694,-3.205755636105444
t9r,Stage 1: + Geometry,cv_oof,-3.6090648928966207,-3.274334371331261
xr7,Stage 1: + Geometry,cv_oof,-3.406713932979543,-3.2711225018200727
pg8,Stage 1: + Geometry,cv_oof,-3.7594507517174,-4.012779610104144
1wm,Stage 1: + Geometry,cv_oof,-3.161150909262745,-3.712447631451138
do2,Stage 1: + Geometry,cv_oof,-3.153044674980176,-3.2521196693501877
uaj,Stage 1: + Geometry,cv_oof,-3.288192770958809,-2.992625411816723
5u3,Stage 1: + Geometry,cv_oof,-3.408935392973501,-3.945940458827347
2eq,Stage 1: + Geometry,cv_oof,-3.4056074496245734,-3.6536101808328176
yn6,Stage 1: + Geometry,cv_oof,-3.5199930570428495,-3.376960038592884
8jy,Stage 1: + Geometry,cv_oof,-3.6903698325741012,-4.335462389459818
p4l,Stage 1: + Geometry,cv_oof,-4.096910013008056,-3.3496532784695074
qkr,Stage 1: + Geometry,cv_oof,-3.281498311132726,-3.5368764438012694
e0z,Stage 1: + Geometry,cv_oof,-3.3027706572402824,-3.6415651309394996
vus,Stage 1: + Geometry,cv_oof,-3.55129368009492,-3.8466020814156257
h7r,Stage 1: + Geometry,cv_oof,-4.642065152999546,-5.743098678814241
9ky,Stage 1: + Geometry,cv_oof,-5.025949097207123,-6.208422582205947
4ea,Stage 1: + Geometry,cv_oof,-5.501689446210399,-6.109181478046455
z7n,Stage 1: + Geometry,cv_oof,-7.036212172654444,-6.4080730796258205
7kf,Stage 1: + Geometry,cv_oof,-2.9136401693252516,-5.269432749528414
i8k,Stage 1: + Geometry,cv_oof,-4.0851281824599495,-3.6690409168487803
hzf,Stage 1: + Geometry,cv_oof,-3.0123337350737254,-3.0025343222006935
x61,Stage 1: + Geometry,cv_oof,-2.906578314837765,-3.3650574721067885
czo,Stage 1: + Geometry,cv_oof,-3.3675427078152755,-3.3965653744181092
o8s,Stage 1: + Geometry,cv_oof,-3.344861565188618,-3.2634255835825576
lap,Stage 1: + Geometry,cv_oof,-2.9469215565165805,-3.2473547352322982
yp3,Stage 1: + Geometry,cv_oof,-4.221848749616356,-5.085736805294923
tzl,Stage 1: + Geometry,cv_oof,-2.958607314841775,-3.991121395797648
hyj,Stage 1: + Geometry,cv_oof,-3.1739251972991736,-3.3439689770040637
mg4,Stage 1: + Geometry,cv_oof,-2.207608310501746,-3.203894147453894
50s,Stage 1: + Geometry,cv_oof,-2.4814860601221125,-2.724952321163914
d4q,Stage 1: + Geometry,cv_oof,-3.744727494896694,-4.173988468379478
6he,Stage 1: + Geometry,cv_oof,-3.5850266520291822,-3.353630417005819
pwy,Stage 1: + Geometry,cv_oof,-3.3665315444204134,-3.752261964781662
y9l,Stage 1: + Geometry,cv_oof,-3.537602002101044,-3.880137361515036
rc1,Stage 1: + Geometry,cv_oof,-3.886056647693163,-3.616748699695307
lzt,Stage 1: + Geometry,cv_oof,-3.2006594505464183,-3.623812283321819
kbp,Stage 1: + Geometry,cv_oof,-2.853871964321762,-3.2559966058320784
b9u,Stage 1: + Geometry,cv_oof,-2.638272163982407,-3.4733237881888113
3uq,Stage 1: + Geometry,cv_oof,-4.084072788302884,-3.9725914771565205
1dm,Stage 1: + Geometry,cv_oof,-3.5466816599529625,-3.7557101315627364
rg6,Stage 1: + Geometry,cv_oof,-2.4710832997223453,-2.731239801940448
ed4,Stage 1: + Geometry,cv_oof,-4.100179497572904,-4.079647008697491
vg0,Stage 1: + Geometry,cv_oof,-3.721246399047171,-3.793413782849174
z9y,Stage 1: + Geometry,cv_oof,-2.4710832997223453,-3.4772944157170924
w3n,Stage 1: + Geometry,cv_oof,-2.9507819773298185,-2.461190494730773
ym6,Stage 1: + Geometry,cv_oof,-2.91721462968355,-3.0223418759898952
nng,Stage 1: + Geometry,cv_oof,-3.154901959985743,-3.580268865352481
qno,Stage 1: + Geometry,cv_oof,-6.416801226031377,-4.998384815798869
oxc,Stage 1: + Geometry,cv_oof,-2.2494916051486538,-2.7636555102085096
dq4,Stage 1: + Geometry,cv_oof,-3.370590400897281,-3.310678633662974
0fa,Stage 1: + Geometry,cv_oof,-3.570247719997592,-3.032163510252888
rr5,Stage 1: + Geometry,cv_oof,-4.142667503568732,-7.282001512367472
6j9,Stage 1: + Geometry,cv_oof,-3.282329496997738,-3.4044754392490653
0x9,Stage 1: + Geometry,cv_oof,-3.6090648928966207,-3.719709375184197
iwe,Stage 1: + Geometry,cv_oof,-3.39040559077478,-3.0895258171730298
ib2,Stage 1: + Geometry,cv_oof,-3.8013429130455774,-4.098300204039206
ppz,Stage 1: + Geometry,cv_oof,-5.0,-4.188770721186296
ci1,Stage 1: + Geometry,cv_oof,-7.251811972993799,-6.98831292282326
08e,Stage 1: + Geometry,cv_oof,-7.070581074285707,-4.937307242523593
xkh,Stage 1: + Geometry,cv_oof,-7.494850021680094,-6.784714678416213
wng,Stage 1: + Geometry,cv_oof,-5.3979400086720375,-4.307089617372887
ncr,Stage 1: + Geometry,cv_oof,-6.164309428507575,-6.402361725893681
dx2,Stage 1: + Geometry,cv_oof,-3.9706162223147903,-4.780038079525091
6xc,Stage 1: + Geometry,cv_oof,-4.289882634888183,-4.857847182905579
21m,Stage 1: + Geometry,cv_oof,-4.230622673923862,-4.246978787748584
4k1,Stage 1: + Geometry,cv_oof,-4.610833915635467,-4.401497165305093
gzp,Stage 1: + Geometry,cv_oof,-4.009217308196862,-4.197152786633964
lh8,Stage 1: + Geometry,cv_oof,-6.279014255846261,-4.669805340861962
ew5,Stage 1: + Geometry,cv_oof,-4.267606240177032,-4.789594724957238
9l3,Stage 1: + Geometry,cv_oof,-3.8477116556169433,-4.64263930893073
jdk,Stage 1: + Geometry,cv_oof,-4.448550002027125,-4.085890628854036
h8a,Stage 1: + Geometry,cv_oof,-4.079876673709276,-4.98544226253366
jq7,Stage 1: + Geometry,cv_oof,-4.496209316942819,-4.2649719795450265
ylt,Stage 1: + Geometry,cv_oof,-3.8477116556169433,-4.933365491199276
gnq,Stage 1: + Geometry,cv_oof,-4.686132779630847,-4.182543675983007
sso,Stage 1: + Geometry,cv_oof,-4.679853713888946,-4.650358803342571
lpx,Stage 1: + Geometry,cv_oof,-4.1487416512809245,-4.447954399628776
f7p,Stage 1: + Geometry,cv_oof,-3.9208187539523753,-3.7309639277021835
l8t,Stage 1: + Geometry,cv_oof,-4.136677139879544,-3.937216337452289
3tt,Stage 1: + Geometry,cv_oof,-4.721246399047171,-3.6799853344062043
za6,Stage 1: + Geometry,cv_oof,-5.5376020021010435,-4.3917127431322465
ag1,Stage 1: + Geometry,cv_oof,-4.4089353929735005,-3.895997296354466
u5t,Stage 1: + Geometry,cv_oof,-3.552841968657781,-3.6405350665355907
0y6,Stage 1: + Geometry,cv_oof,-3.853871964321762,-3.8948090859837956
yq2,Stage 1: + Geometry,cv_oof,-4.522878745280337,-3.1098286939937845
kab,Stage 1: + Geometry,cv_oof,-4.425968732272281,-2.873019022356465
tp2,Stage 1: + Geometry,cv_oof,-4.638272163982407,-4.718899438925904
nf0,Stage 1: + Geometry,cv_oof,-4.958607314841775,-3.2226375349037975
fkt,Stage 1: + Geometry,cv_oof,-3.277366077466188,-4.194381222416968
ctg,Stage 1: + Geometry,cv_oof,-3.277366077466188,-3.432865594489243
4t5,Stage 1: + Geometry,cv_oof,-9.447331783887806,-5.464696369348391
smk,Stage 1: + Geometry,cv_oof,-7.498940737782249,-5.819211750146148
vtr,Stage 1: + Geometry,cv_oof,-5.863279432843593,-5.337987735066071
dc8,Stage 1: + Geometry,cv_oof,-10.0,-11.479825650435039
hai,Stage 1: + Geometry,cv_oof,-10.0,-9.568748066726544
tvf,Stage 1: + Geometry,cv_oof,-5.0,-5.06282505943603
u8r,Stage 1: + Geometry,cv_oof,-10.0,-8.777876674822664
gvd,Stage 1: + Geometry,cv_oof,-3.2390500485891027,-7.83583679280475
uex,Stage 1: + Geometry,cv_oof,-10.0,-7.279057388537923
11b,Stage 1: + Geometry,cv_oof,-3.153044674980176,-6.746230330513833
fft,Stage 1: + Geometry,cv_oof,-3.6808939406902237,-3.5977475472678733
lf5,Stage 1: + Geometry,cv_oof,-5.221848749616356,-4.489820960623108
68u,Stage 1: + Geometry,cv_oof,-5.096910013008056,-5.0353419047189565
gyw,Stage 1: + Geometry,cv_oof,-5.376750709602099,-5.119912604354985
0v9,Stage 1: + Geometry,cv_oof,-4.619788758288394,-4.604083047087461
qtc,Stage 1: + Geometry,cv_oof,-4.97469413473523,-5.028863100167873
vy5,Stage 1: + Geometry,cv_oof,-7.866461091629782,-9.291303195024124
rwr,Stage 1: + Geometry,cv_oof,-4.7447274948966935,-3.7152249011075917
pql,Stage 1: + Geometry,cv_oof,-4.346787486224656,-4.443964190930219
dl7,Stage 1: + Geometry,cv_oof,-10.0,-10.718399880559929
i12,Stage 1: + Geometry,cv_oof,-10.0,-9.57959655545375
aui,Stage 1: + Geometry,cv_oof,-10.0,-10.461247138703953
mfs,Stage 1: + Geometry,cv_oof,-10.0,-9.877360210991942
jl4,Stage 1: + Geometry,cv_oof,-9.18309616062434,-9.247420122770771
jkq,Stage 1: + Geometry,cv_oof,-10.8153085691824,-8.824887575303505
yav,Stage 1: + Geometry,cv_oof,-5.158015195409886,-6.045899242444851
9yt,Stage 1: + Geometry,cv_oof,-2.7304870557820835,-3.2624643199346126
122,Stage 1: + Geometry,cv_oof,-2.688246138944246,-3.5911305274873078
ij5,Stage 1: + Geometry,cv_oof,-2.4775557664936803,-2.9785657595241144
6jf,Stage 1: + Geometry,cv_oof,-2.939302159646388,-3.5414710257288884
ymc,Stage 1: + Geometry,cv_oof,-4.581698708680254,-4.779489706839458
ywe,Stage 1: + Geometry,cv_oof,-5.886056647693163,-5.050017849235275
kgl,Stage 1: + Geometry,cv_oof,-2.6458915608525992,-3.2940188456151365
vqj,Stage 1: + Geometry,cv_oof,-3.9507819773298185,-2.9982620644806697
h82,Stage 1: + Geometry,cv_oof,-5.3260580013659125,-4.476391365799104
9zr,Stage 1: + Geometry,cv_oof,-3.1542819820333414,-2.952840930651716
a8v,Stage 1: + Geometry,cv_oof,-3.0565054840938974,-3.350314343193699
09w,Stage 1: + Geometry,cv_oof,-3.359518563029578,-3.114984420107597
x2v,Stage 1: + Geometry,cv_oof,-3.0589857562944305,-2.959823639468854
bnh,Stage 1: + Geometry,cv_oof,-3.097453220686009,-2.987502499121974
x9d,Stage 1: + Geometry,cv_oof,-3.0447934624580584,-3.2051542174209557
ish,Stage 1: + Geometry,cv_oof,-3.0310503190186573,-2.844600626367072
iiy,Stage 1: + Geometry,cv_oof,-2.7721132953863266,-2.9740864197418166
3zo,Stage 1: + Geometry,cv_oof,-2.96657624451305,-2.872909936565286
vj7,Stage 1: + Geometry,cv_oof,-2.85078088734462,-3.0697720913825797
wsd,Stage 1: + Geometry,cv_oof,-2.7825160557860937,-2.804305367715942
10s,Stage 1: + Geometry,cv_oof,-2.630784142589857,-2.5802028776812787
fkj,Stage 1: + Geometry,cv_oof,-2.6595558851598815,-2.9549337296271276
tt3,Stage 1: + Geometry,cv_oof,-2.886056647693163,-4.857995201498038
nig,Stage 1: + Geometry,cv_oof,-2.5575202309355514,-3.574530437877504
z16,Stage 1: + Geometry,cv_oof,-2.494850021680094,-2.7189847797789843
hbz,Stage 1: + Geometry,cv_oof,-2.406713932979543,-2.776037592798195
uut,Stage 1: + Geometry,cv_oof,-2.441291429466834,-2.5058686223010698
cju,Stage 1: + Geometry,cv_oof,-2.438898616350944,-2.4418010951979996
d9l,Stage 1: + Geometry,cv_oof,-2.571865205971211,-2.377695104285443
96f,Stage 1: + Geometry,cv_oof,-2.555955204081924,-2.4783340349013603
1kq,Stage 1: + Geometry,cv_oof,-2.5214335044061564,-2.537182893997067
c6e,Stage 1: + Geometry,cv_oof,-2.4584207560534193,-2.7103534602439483
t2c,Stage 1: + Geometry,cv_oof,-2.417936637088291,-2.630973128165767
dlj,Stage 1: + Geometry,cv_oof,-2.4424927980943423,-3.116384962158085
w87,Stage 1: + Geometry,cv_oof,-4.494850021680094,-3.052108092560077
97p,Stage 1: + Geometry,cv_oof,-4.481486060122113,-2.674911646980719
p9u,Stage 1: + Geometry,cv_oof,-3.657577319177794,-5.765484537770448
5wz,Stage 1: + Geometry,cv_oof,-5.8996294548824375,-4.593346982563075
5gj,Stage 1: + Geometry,cv_oof,-5.052566278112949,-4.35410521594693
t17,Stage 1: + Geometry,cv_oof,-4.405607449624573,-4.589012426426588
kf7,Stage 1: + Geometry,cv_oof,-4.496209316942819,-4.13648672424447
utv,Stage 1: + Geometry,cv_oof,-3.8239087409443187,-3.7199011355506904
q9f,Stage 1: + Geometry,cv_oof,-3.1870866433571443,-3.356351162500965
5qw,Stage 1: + Geometry,cv_oof,-2.8239087409443187,-2.7464998580588085
znj,Stage 1: + Geometry,cv_oof,-2.7304870557820835,-2.830404022605907
pa1,Stage 1: + Geometry,cv_oof,-2.2831622767004753,-2.6586552660604665
lxk,Stage 1: + Geometry,cv_oof,-2.25649023527157,-2.740239459888763
1m8,Stage 1: + Geometry,cv_oof,-2.58838029403677,-2.3831526352763364
ga9,Stage 1: + Geometry,cv_oof,-3.987162775294828,-3.871970162814694
240,Stage 1: + Geometry,cv_oof,-4.0655015487564325,-4.784738944276277
6l9,Stage 1: + Geometry,cv_oof,-5.698970004336019,-6.748475955449362
gas,Stage 1: + Geometry,cv_oof,-3.5850266520291822,-2.6766179799690044
f5n,Stage 1: + Geometry,cv_oof,-4.413412695328245,-5.621326525978107
hx7,Stage 1: + Geometry,cv_oof,-5.920818753952375,-5.638297109526747
oi4,Stage 1: + Geometry,cv_oof,-3.42021640338319,-4.173576488618269
sv7,Stage 1: + Geometry,cv_oof,-3.0,-4.6596593381081
qbb,Stage 1: + Geometry,cv_oof,-5.958607314841775,-5.617215841185676
w1l,Stage 1: + Geometry,cv_oof,-4.221848749616356,-4.25260452497467
jce,Stage 1: + Geometry,cv_oof,-4.0,-3.9242879256042573
9ph,Stage 1: + Geometry,cv_oof,-3.96657624451305,-6.132548260478842
kkn,Stage 1: + Geometry,cv_oof,-8.0,-4.793847175080048
m0v,Stage 1: + Geometry,cv_oof,-7.219682687859849,-7.747069398517021
6du,Stage 1: + Geometry,cv_oof,-7.761953896871205,-7.853217699774121
u0c,Stage 1: + Geometry,cv_oof,-8.372634143407268,-7.8293651936880035
xub,Stage 1: + Geometry,cv_oof,-8.821023052706831,-8.30142427438194
bjw,Stage 1: + Geometry,cv_oof,-5.319664486585437,-5.48577773862663
dvn,Stage 1: + Geometry,cv_oof,-6.204815410317576,-4.3899001847594805
t3k,Stage 1: + Geometry,cv_oof,-6.6252516539898965,-5.928592997233007
uxi,Stage 1: + Geometry,cv_oof,-7.00436480540245,-5.823125334543895
r5y,Stage 1: + Geometry,cv_oof,-6.236572006437063,-7.022939833908795
ek5,Stage 1: + Geometry,cv_oof,-10.0,-9.89874302570524
xut,Stage 1: + Geometry,cv_oof,-10.0,-9.970588667745101
ckw,Stage 1: + Geometry,cv_oof,-10.0,-9.698577228061268
yab,Stage 1: + Geometry,cv_oof,-10.0,-9.776534156502866
ysm,Stage 1: + Geometry,cv_oof,-10.0,-9.92258868157307
e81,Stage 1: + Geometry,cv_oof,-10.0,-9.73804520149162
3qz,Stage 1: + Geometry,cv_oof,-3.9208187539523753,-3.39264982959335
cjq,Stage 1: + Geometry,cv_oof,-5.376750709602099,-5.187615169706449
uaz,Stage 1: + Geometry,cv_oof,-5.795880017344075,-5.638212146415762
aax,Stage 1: + Geometry,cv_oof,-5.130181792020672,-4.863322760023958
o86,Stage 1: + Geometry,cv_oof,-4.85078088734462,-4.67038613821895
coi,Stage 1: + Geometry,cv_oof,-4.30189945437661,-4.581219324168791
3vi,Stage 1: + Geometry,cv_oof,-4.511449283499556,-4.689082265136688
vwn,Stage 1: + Geometry,cv_oof,-4.928117992693875,-4.809713179861073
tlp,Stage 1: + Geometry,cv_oof,-5.54515513999149,-4.537654821421416
ka6,Stage 1: + Geometry,cv_oof,-5.179798540514359,-4.946223050760838
7o7,Stage 1: + Geometry,cv_oof,-4.530177984021837,-4.7404467911666295
d6f,Stage 1: + Geometry,cv_oof,-3.4685210829577446,-3.5870727860415488
dvs,Stage 1: + Geometry,cv_oof,-3.0915149811213505,-3.5092301070580314
3o4,Stage 1: + Geometry,cv_oof,-3.4559319556497243,-3.2437708001924124
kji,Stage 1: + Geometry,cv_oof,-3.0,-3.3748172297988255
gdr,Stage 1: + Geometry,cv_oof,-3.494850021680094,-3.930123177838013
v1q,Stage 1: + Geometry,cv_oof,-3.136677139879544,-3.312397148689268
4vd,Stage 1: + Geometry,cv_oof,-3.2006594505464183,-3.17442881498601
5xk,Stage 1: + Geometry,cv_oof,-3.337242168318426,-3.178662837151282
2wb,Stage 1: + Geometry,cv_oof,-3.3279021420642825,-3.488118823849667
zfg,Stage 1: + Geometry,cv_oof,-3.3979400086720375,-3.229890824409305
6hq,Stage 1: + Geometry,cv_oof,-3.4559319556497243,-3.856020805754608
hcm,Stage 1: + Geometry,cv_oof,-4.468521082957745,-8.533798633889244
e6a,Stage 1: + Geometry,cv_oof,-3.161150909262745,-3.4030972053251776
g5q,Stage 1: + Geometry,cv_oof,-3.552841968657781,-3.257195449898037
5z8,Stage 1: + Geometry,cv_oof,-3.309803919971486,-3.6672553188042096
r07,Stage 1: + Geometry,cv_oof,-3.4814860601221125,-3.152111170850368
uht,Stage 1: + Geometry,cv_oof,-2.9913998282380825,-3.5657416756351
kbq,Stage 1: + Geometry,cv_oof,-4.721246399047171,-5.234189385344891
uw9,Stage 1: + Geometry,cv_oof,-4.698970004336019,-5.473953256527477
vqu,Stage 1: + Geometry,cv_oof,-6.886056647693163,-6.57232761480112
xog,Stage 1: + Geometry,cv_oof,-5.107905397309519,-5.448252647308637
bi3,Stage 1: + Geometry,cv_oof,-5.200659450546418,-4.399537499173993
gcj,Stage 1: + Geometry,cv_oof,-5.876148359032914,-5.751322692044542
20k,Stage 1: + Geometry,cv_oof,-5.432973633840939,-5.6878201893578355
jej,Stage 1: + Geometry,cv_oof,-5.657577319177793,-5.502606520648602
hud,Stage 1: + Geometry,cv_oof,-4.886056647693163,-4.776518531129322
4uu,Stage 1: + Geometry,cv_oof,-3.3872161432802645,-3.566470614226148
sdz,Stage 1: + Geometry,cv_oof,-3.431798275933005,-3.2617255401069936
7w5,Stage 1: + Geometry,cv_oof,-3.0604807473813813,-3.4916329850114884
etz,Stage 1: + Geometry,cv_oof,-5.705533773838407,-3.308093812801442
ner,Stage 1: + Geometry,cv_oof,-4.772113295386326,-4.776518531129322
z2s,Stage 1: + Geometry,cv_oof,-4.4089353929735005,-4.501947685963752
72f,Stage 1: + Geometry,cv_oof,-3.677780705266081,-3.84613300856926
sqm,Stage 1: + Geometry,cv_oof,-5.1487416512809245,-4.747311116369372
zxr,Stage 1: + Geometry,cv_oof,-5.267606240177032,-4.782050085402303
h89,Stage 1: + Geometry,cv_oof,-4.823908740944319,-4.713449076776757
l9r,Stage 1: + Geometry,cv_oof,-5.657577319177793,-5.312485117610469
544,Stage 1: + Geometry,cv_oof,-4.3979400086720375,-4.698706033246696
ps0,Stage 1: + Geometry,cv_oof,-5.154901959985743,-5.287873419674197
ueu,Stage 1: + Geometry,cv_oof,-3.0443122496864943,-3.4015861634678846
uwh,Stage 1: + Geometry,cv_oof,-3.987162775294828,-4.875980587626947
gz8,Stage 1: + Geometry,cv_oof,-4.798602875679548,-5.459859856311042
419,Stage 1: + Geometry,cv_oof,-5.148130399270234,-4.924982161511692
c0g,Stage 1: + Geometry,cv_oof,-5.286509456906058,-4.922844051605751
kbu,Stage 1: + Geometry,cv_oof,-4.667561540084395,-5.066465766508807
fam,Stage 1: + Geometry,cv_oof,-4.928117992693875,-4.661942194483043
dae,Stage 1: + Geometry,cv_oof,-4.853871964321762,-4.8494729230128675
9p1,Stage 1: + Geometry,cv_oof,-3.2448877336049287,-3.734484960148038
gkl,Stage 1: + Geometry,cv_oof,-5.294136287716081,-5.1754547259192645
ijh,Stage 1: + Geometry,cv_oof,-4.872895201635193,-5.142604606104348
q46,Stage 1: + Geometry,cv_oof,-4.841637507904751,-5.248012859819452
8m3,Stage 1: + Geometry,cv_oof,-5.243363891754152,-4.811367729928818
zyx,Stage 1: + Geometry,cv_oof,-5.039529222465701,-4.955094620206269
qvu,Stage 1: + Geometry,cv_oof,-5.014124642691606,-4.955885144637021
v07,Stage 1: + Geometry,cv_oof,-4.0,-3.5759186593969603
bqx,Stage 1: + Geometry,cv_oof,-10.0,-7.9814398108738756
z53,Stage 1: + Geometry,cv_oof,-3.5044556624535517,-3.4557208108529003
8y4,Stage 1: + Geometry,cv_oof,-3.4989407377822483,-3.4508838187532227
ucw,Stage 1: + Geometry,cv_oof,-3.360513510731414,-3.3636552291775255
ff9,Stage 1: + Geometry,cv_oof,-3.6458915608525992,-3.2534508689627697
2mn,Stage 1: + Geometry,cv_oof,-3.291579099865287,-4.0516939579855835
8ee,Stage 1: + Geometry,cv_oof,-3.5086383061657274,-3.586947304554223
8k7,Stage 1: + Geometry,cv_oof,-5.812479279163537,-4.366701844612504
b7v,Stage 1: + Geometry,cv_oof,-4.657577319177793,-5.276119712971201
66a,Stage 1: + Geometry,cv_oof,-3.0969100130080562,-3.4074369658396515
kh3,Stage 1: + Geometry,cv_oof,-3.036212172654445,-3.2890020287615918
zqx,Stage 1: + Geometry,cv_oof,-3.136677139879544,-3.494074165744363
o5q,Stage 1: + Geometry,cv_oof,-3.552841968657781,-3.3485883780151458
0ew,Stage 1: + Geometry,cv_oof,-3.795880017344075,-3.628525508547981
tbj,Stage 1: + Geometry,cv_oof,-5.47755576649368,-4.911422676260669
dbs,Stage 1: + Geometry,cv_oof,-3.1001794975729036,-3.333250999652757
bt0,Stage 1: + Geometry,cv_oof,-3.079876673709276,-3.2516682080189874
dti,Stage 1: + Geometry,cv_oof,-3.078833949362261,-3.206776577538821
7gm,Stage 1: + Geometry,cv_oof,-3.1999706407558657,-3.2783055867537914
c71,Stage 1: + Geometry,cv_oof,-3.3080348972326394,-3.346324250623658
rgo,Stage 1: + Geometry,cv_oof,-5.576754126063192,-5.166124247905226
zzr,Stage 1: + Geometry,cv_oof,-2.1191864077192086,-2.0376870427868363
kop,Stage 1: + Geometry,cv_oof,-2.193820026016113,-2.21687582212297
rty,Stage 1: + Geometry,cv_oof,-2.318758762624413,-2.1593101158540273
kko,Stage 1: + Geometry,cv_oof,-2.42021640338319,-2.313435034346908
jqc,Stage 2: + Physics,cv_oof,-5.800000874803203,-7.372449817708618
oi6,Stage 2: + Physics,cv_oof,-7.173925197299173,-8.398476539880482
2t8,Stage 2: + Physics,cv_oof,-6.0915149811213505,-9.68198605610517
47i,Stage 2: + Physics,cv_oof,-10.0,-13.17807284556224
clt,Stage 2: + Physics,cv_oof,-13.0,-9.77436343240338
ix1,Stage 2: + Physics,cv_oof,-6.494850021680094,-6.47796561575287
bq9,Stage 2: + Physics,cv_oof,-9.619788758288394,-7.439304433322912
skm,Stage 2: + Physics,cv_oof,-8.4089353929735,-8.823608249745211
pwr,Stage 2: + Physics,cv_oof,-6.785156151952302,-5.674970431949912
b4c,Stage 2: + Physics,cv_oof,-7.798602875679548,-7.107887190609628
7se,Stage 2: + Physics,cv_oof,-6.090979145788844,-4.270475442573784
5e2,Stage 2: + Physics,cv_oof,-4.1432711096171175,-4.261356778696144
dj2,Stage 2: + Physics,cv_oof,-3.1791420105603,-4.275231410373181
10u,Stage 2: + Physics,cv_oof,-5.494850021680094,-3.593143688877575
y2l,Stage 2: + Physics,cv_oof,-8.853871964321762,-7.192481696176691
gl0,Stage 2: + Physics,cv_oof,-7.619788758288394,-7.430926732484113
wmr,Stage 2: + Physics,cv_oof,-7.515700160653214,-7.0908175911117235
xxq,Stage 2: + Physics,cv_oof,-7.835647144215563,-6.773721875303203
h8o,Stage 2: + Physics,cv_oof,-6.640164517660112,-7.825457468570287
pe2,Stage 2: + Physics,cv_oof,-8.978810700930062,-5.7964075524803675
opo,Stage 2: + Physics,cv_oof,-3.9208187539523753,-6.290187684372739
lkm,Stage 2: + Physics,cv_oof,-6.070581074285707,-10.76414670621359
bv2,Stage 2: + Physics,cv_oof,-7.7447274948966935,-8.247852430179037
be9,Stage 2: + Physics,cv_oof,-5.154901959985743,-6.400491748852016
n27,Stage 2: + Physics,cv_oof,-8.0,-8.508377791218361
goi,Stage 2: + Physics,cv_oof,-3.795880017344075,-7.726914228860475
lrh,Stage 2: + Physics,cv_oof,-6.721246399047171,-10.566874487187228
1xt,Stage 2: + Physics,cv_oof,-10.0,-8.649290494368897
kbo,Stage 2: + Physics,cv_oof,-10.0,-9.923568907977241
5zv,Stage 2: + Physics,cv_oof,-17.255707016877324,-12.077948095975934
5bz,Stage 2: + Physics,cv_oof,-7.060480747381382,-8.688107302574346
883,Stage 2: + Physics,cv_oof,-8.060480747381382,-6.5599333796299035
uu4,Stage 2: + Physics,cv_oof,-8.688246138944246,-8.932318136381038
tws,Stage 2: + Physics,cv_oof,-9.2839966563652,-8.399473135170876
l9v,Stage 2: + Physics,cv_oof,-6.301029995663981,-8.3039768827181
t0h,Stage 2: + Physics,cv_oof,-9.214670164989233,-9.53948179559395
4kt,Stage 2: + Physics,cv_oof,-10.0,-8.509814436980795
xas,Stage 2: + Physics,cv_oof,-4.823908740944319,-6.391049808991131
kfp,Stage 2: + Physics,cv_oof,-16.796203144042632,-7.430667107598426
qy4,Stage 2: + Physics,cv_oof,-5.055517327849832,-6.031457736218738
00x,Stage 2: + Physics,cv_oof,-10.0,-10.718842676599932
9wf,Stage 2: + Physics,cv_oof,-3.1870866433571443,-6.436718936397119
dmq,Stage 2: + Physics,cv_oof,-7.882728704344236,-5.673479035957388
uox,Stage 2: + Physics,cv_oof,-11.247951552180561,-7.794028184546156
joc,Stage 2: + Physics,cv_oof,-6.585026652029182,-6.92161588774953
mq1,Stage 2: + Physics,cv_oof,-8.318758762624412,-6.903397873841811
ssv,Stage 2: + Physics,cv_oof,-12.882728704344236,-8.934495875153932
h6c,Stage 2: + Physics,cv_oof,-13.036212172654444,-10.317300799450495
bsa,Stage 2: + Physics,cv_oof,-13.619788758288394,-10.745543088898602
mde,Stage 2: + Physics,cv_oof,-10.0,-8.071800204592149
1e9,Stage 2: + Physics,cv_oof,-9.0,-5.998716070557165
an2,Stage 2: + Physics,cv_oof,-10.0,-8.294104035695344
tka,Stage 2: + Physics,cv_oof,-7.209714835966758,-9.675770900997579
cdk,Stage 2: + Physics,cv_oof,-10.0,-10.554814644720262
fwz,Stage 2: + Physics,cv_oof,-5.698970004336019,-7.82439013240285
hln,Stage 2: + Physics,cv_oof,-7.42021640338319,-6.407848756021675
cy2,Stage 2: + Physics,cv_oof,-3.474955192963155,-3.9180313955801873
5tl,Stage 2: + Physics,cv_oof,-3.354577730650908,-3.6994892045882044
u2y,Stage 2: + Physics,cv_oof,-3.0690509688324767,-3.6551111835783976
kxh,Stage 2: + Physics,cv_oof,-6.0,-5.725848505300183
3we,Stage 2: + Physics,cv_oof,-7.096910013008056,-4.904033011588113
5z0,Stage 2: + Physics,cv_oof,-9.301029995663981,-9.769882251990442
472,Stage 2: + Physics,cv_oof,-9.769551078621726,-6.95812536223857
9zk,Stage 2: + Physics,cv_oof,-8.301029995663981,-9.694888791947019
dnt,Stage 2: + Physics,cv_oof,-6.355561410532162,-5.462060536296695
g5g,Stage 2: + Physics,cv_oof,-6.228412519118745,-5.517126786828482
hpu,Stage 2: + Physics,cv_oof,-7.376750709602099,-6.366159077225717
c6h,Stage 2: + Physics,cv_oof,-6.476253533188435,-6.241362287515988
vzu,Stage 2: + Physics,cv_oof,-6.841637507904751,-5.856218076832484
a3e,Stage 2: + Physics,cv_oof,-7.562249437179612,-6.3926833315757365
ubi,Stage 2: + Physics,cv_oof,-5.080921907623926,-7.1476945071368
9z8,Stage 2: + Physics,cv_oof,-7.0851281824599495,-6.161456354453772
nhq,Stage 2: + Physics,cv_oof,-6.049148541111453,-5.506096861172698
w7d,Stage 2: + Physics,cv_oof,-17.3767507096021,-10.8209079947187
fj5,Stage 2: + Physics,cv_oof,-6.347753658996677,-7.3809336512394665
gxz,Stage 2: + Physics,cv_oof,-10.0,-10.002098670348754
tbu,Stage 2: + Physics,cv_oof,-10.0,-9.650551173510172
uxo,Stage 2: + Physics,cv_oof,-12.853871964321762,-9.466436841989418
e6b,Stage 2: + Physics,cv_oof,-6.698970004336019,-5.406352054812661
pbz,Stage 2: + Physics,cv_oof,-5.247183568811729,-4.613911993706323
7ek,Stage 2: + Physics,cv_oof,-4.42021640338319,-5.852505670466575
86k,Stage 2: + Physics,cv_oof,-8.452225294612177,-4.912652018439798
kmv,Stage 2: + Physics,cv_oof,-4.154901959985743,-6.1834343828567855
n7a,Stage 2: + Physics,cv_oof,-2.853871964321762,-7.940001394546797
i6k,Stage 2: + Physics,cv_oof,-6.698970004336019,-6.032554595568795
x94,Stage 2: + Physics,cv_oof,-7.30715308072277,-6.641353560780577
e6e,Stage 2: + Physics,cv_oof,-5.943095148663527,-6.651041417840558
ylh,Stage 2: + Physics,cv_oof,-4.721246399047171,-8.457576217503973
eij,Stage 2: + Physics,cv_oof,-5.346787486224656,-5.287263315831519
ldd,Stage 2: + Physics,cv_oof,-6.051098239029787,-5.747171527850134
efb,Stage 2: + Physics,cv_oof,-4.958607314841775,-5.466980845737717
lcm,Stage 2: + Physics,cv_oof,-4.496209316942819,-5.4511096538900965
mgs,Stage 2: + Physics,cv_oof,-5.987162775294828,-5.230449168085476
31s,Stage 2: + Physics,cv_oof,-5.567030709125595,-5.35045322671187
dku,Stage 2: + Physics,cv_oof,-12.449771646944907,-11.243710372970806
ndx,Stage 2: + Physics,cv_oof,-12.494850021680094,-11.292305741860526
m0j,Stage 2: + Physics,cv_oof,-12.688246138944246,-8.2323992955253
9lo,Stage 2: + Physics,cv_oof,-12.756961951313706,-13.365725264816563
dth,Stage 2: + Physics,cv_oof,-11.886056647693163,-8.63732791463085
45e,Stage 2: + Physics,cv_oof,-9.10790539730952,-5.507564089099244
x2i,Stage 2: + Physics,cv_oof,-7.42021640338319,-8.26569912356229
xz4,Stage 2: + Physics,cv_oof,-7.886056647693163,-9.094131070840016
hja,Stage 2: + Physics,cv_oof,-9.0,-8.64107228504272
3nb,Stage 2: + Physics,cv_oof,-9.744727494896694,-8.021393300161721
qa9,Stage 2: + Physics,cv_oof,-9.795880017344075,-7.678880611208728
ihb,Stage 2: + Physics,cv_oof,-3.0087739243075053,-3.295733897545095
3k7,Stage 2: + Physics,cv_oof,-2.9746941347352296,-3.2953116880381264
1sz,Stage 2: + Physics,cv_oof,-3.032452023781138,-3.4011831601265534
yh8,Stage 2: + Physics,cv_oof,-3.2062096153091812,-3.4356856905605673
coh,Stage 2: + Physics,cv_oof,-3.75448733218585,-3.5156490505298192
1pw,Stage 2: + Physics,cv_oof,-3.9746941347352296,-3.8039922029235824
bw3,Stage 2: + Physics,cv_oof,-3.1904402853647325,-3.5550315753841186
my5,Stage 2: + Physics,cv_oof,-3.306273051076353,-3.67289926413796
hta,Stage 2: + Physics,cv_oof,-3.0190880622231564,-3.657211973649776
s3h,Stage 2: + Physics,cv_oof,-3.0338582672609675,-4.056946294917898
nua,Stage 2: + Physics,cv_oof,-10.0,-8.40995672821234
3rx,Stage 2: + Physics,cv_oof,-10.0,-8.950161656054359
7e5,Stage 2: + Physics,cv_oof,-6.7447274948966935,-5.4836074161011865
sib,Stage 2: + Physics,cv_oof,-5.167491087293763,-5.551161746007557
r99,Stage 2: + Physics,cv_oof,-4.920818753952375,-5.874847793004255
lol,Stage 2: + Physics,cv_oof,-3.9208187539523753,-5.106605047381476
d7f,Stage 2: + Physics,cv_oof,-9.387216143280265,-11.093485849585143
52b,Stage 2: + Physics,cv_oof,-1.9136401693252518,-2.464406532304142
8po,Stage 2: + Physics,cv_oof,-1.8794260687941502,-2.37482157963047
ya8,Stage 2: + Physics,cv_oof,-1.958607314841775,-2.5145378766719104
j8q,Stage 2: + Physics,cv_oof,-1.91721462968355,-2.442555175887411
824,Stage 2: + Physics,cv_oof,-1.8416375079047504,-2.4181054327360316
mqo,Stage 2: + Physics,cv_oof,-2.171984935776023,-2.440277739257453
izs,Stage 2: + Physics,cv_oof,-2.2781893847874533,-2.4573041118476446
8nc,Stage 2: + Physics,cv_oof,-2.2479515521805613,-2.596103244332486
3sx,Stage 2: + Physics,cv_oof,-2.3757179041643317,-2.450420220607557
xga,Stage 2: + Physics,cv_oof,-2.4282911681913126,-2.62196595657135
xn9,Stage 2: + Physics,cv_oof,-2.4377071355435254,-2.5662945047335968
sg4,Stage 2: + Physics,cv_oof,-2.360513510731414,-2.780643370988727
ns3,Stage 2: + Physics,cv_oof,-2.3045183235098023,-2.6577433079465096
g8j,Stage 2: + Physics,cv_oof,-2.343901797987168,-2.735383666329123
bim,Stage 2: + Physics,cv_oof,-2.4436974992327127,-3.010100442107188
02p,Stage 2: + Physics,cv_oof,-2.638272163982407,-2.6374663449521965
9lx,Stage 2: + Physics,cv_oof,-2.154901959985743,-2.490005291222401
mtn,Stage 2: + Physics,cv_oof,-1.609064892896621,-2.490017000342445
9rc,Stage 2: + Physics,cv_oof,-1.85078088734462,-2.4696605540436325
13q,Stage 2: + Physics,cv_oof,-2.4001169279263124,-2.526038376088714
ik8,Stage 2: + Physics,cv_oof,-2.1290111862394245,-2.4600426463584952
nip,Stage 2: + Physics,cv_oof,-2.2596373105057563,-2.760267506106497
1hh,Stage 2: + Physics,cv_oof,-1.9208187539523751,-2.5925458071250884
8ub,Stage 2: + Physics,cv_oof,-2.0560111249262283,-3.232591577738115
7tu,Stage 2: + Physics,cv_oof,-2.106793246940152,-2.575760871139838
ui6,Stage 2: + Physics,cv_oof,-1.958607314841775,-2.440277739257453
nkr,Stage 2: + Physics,cv_oof,-2.844663962534938,-2.370465564373798
906,Stage 2: + Physics,cv_oof,-3.251037138743839,-2.5819770522362355
fnu,Stage 2: + Physics,cv_oof,-3.2426039712069756,-2.7897242664799293
pfi,Stage 2: + Physics,cv_oof,-3.1505805862031004,-3.3122006664431
f0h,Stage 2: + Physics,cv_oof,-3.500312917381596,-3.277685108519232
7iw,Stage 2: + Physics,cv_oof,-4.000869458712629,-3.306387254987656
ikh,Stage 2: + Physics,cv_oof,-2.9208187539523753,-3.7011940437960504
hd3,Stage 2: + Physics,cv_oof,-2.154901959985743,-2.3680464958638576
ete,Stage 2: + Physics,cv_oof,-1.6020599913279623,-3.440575925453747
k4x,Stage 2: + Physics,cv_oof,-2.1870866433571443,-2.440277739257453
ia5,Stage 2: + Physics,cv_oof,-8.0,-8.133491953906788
sg0,Stage 2: + Physics,cv_oof,-10.0,-9.506821460289222
97b,Stage 2: + Physics,cv_oof,-10.0,-9.106793397116054
wyu,Stage 2: + Physics,cv_oof,-5.787812395596042,-7.753020516599949
019,Stage 2: + Physics,cv_oof,-3.7931741239681505,-5.148085456473808
yqu,Stage 2: + Physics,cv_oof,-2.3169529617611504,-3.6492433751327344
95j,Stage 2: + Physics,cv_oof,-6.853871964321762,-8.326601078812548
0iv,Stage 2: + Physics,cv_oof,-6.623423042943488,-8.17463219794355
2ro,Stage 2: + Physics,cv_oof,-9.795880017344075,-5.164071546490942
deu,Stage 2: + Physics,cv_oof,-4.366531544420414,-5.638236330390048
usu,Stage 2: + Physics,cv_oof,-5.366531544420414,-4.681507504239487
ur9,Stage 2: + Physics,cv_oof,-9.0,-5.655959202558762
0o6,Stage 2: + Physics,cv_oof,-4.000869458712629,-3.32858023623049
a3l,Stage 2: + Physics,cv_oof,-6.54821356447571,-6.5768112595326205
4ba,Stage 2: + Physics,cv_oof,-6.47755576649368,-6.080780198430883
qea,Stage 2: + Physics,cv_oof,-5.698970004336019,-4.592571762986891
ldx,Stage 2: + Physics,cv_oof,-8.316052869248487,-5.8977023237763495
0fh,Stage 2: + Physics,cv_oof,-4.316052869248487,-4.473914124013582
gw2,Stage 2: + Physics,cv_oof,-3.72584215073632,-3.894816839220688
1xf,Stage 2: + Physics,cv_oof,-3.473660722610156,-3.9446020651563365
tjh,Stage 2: + Physics,cv_oof,-3.5783960731301687,-4.191873215653413
8fn,Stage 2: + Physics,cv_oof,-3.8632794328435933,-4.160995800088915
mdj,Stage 2: + Physics,cv_oof,-4.0655015487564325,-3.367942262660016
t1l,Stage 2: + Physics,cv_oof,-3.494850021680094,-4.041034550145409
my9,Stage 2: + Physics,cv_oof,-3.2254830342714502,-3.265602363782096
9s4,Stage 2: + Physics,cv_oof,-3.141462802430361,-3.572590181899222
iqt,Stage 2: + Physics,cv_oof,-3.4111682744057927,-3.2493039085971627
xa0,Stage 2: + Physics,cv_oof,-3.6055483191737836,-3.9473263408093007
f4x,Stage 2: + Physics,cv_oof,-4.739928612014925,-3.737524498650695
txm,Stage 2: + Physics,cv_oof,-4.454692883534176,-3.789331691427878
v1t,Stage 2: + Physics,cv_oof,-3.826813731587726,-4.008355630187028
d6b,Stage 2: + Physics,cv_oof,-3.413412695328245,-4.198838396226351
x9a,Stage 2: + Physics,cv_oof,-3.7904849854573692,-3.685768480598583
3ta,Stage 2: + Physics,cv_oof,-3.583359492661719,-3.9285608439689326
gjy,Stage 2: + Physics,cv_oof,-3.8927900303521317,-3.762045494529661
lz8,Stage 2: + Physics,cv_oof,-3.9136401693252516,-3.806700000919836
6st,Stage 2: + Physics,cv_oof,-3.744727494896694,-3.4816480136689845
t9r,Stage 2: + Physics,cv_oof,-3.6090648928966207,-3.645317045829133
xr7,Stage 2: + Physics,cv_oof,-3.406713932979543,-3.759356614191696
pg8,Stage 2: + Physics,cv_oof,-3.7594507517174,-3.73426479587398
1wm,Stage 2: + Physics,cv_oof,-3.161150909262745,-3.586103819639268
do2,Stage 2: + Physics,cv_oof,-3.153044674980176,-3.407584907702954
uaj,Stage 2: + Physics,cv_oof,-3.288192770958809,-3.3687470246460114
5u3,Stage 2: + Physics,cv_oof,-3.408935392973501,-3.9515843842179406
2eq,Stage 2: + Physics,cv_oof,-3.4056074496245734,-3.8935838976861286
yn6,Stage 2: + Physics,cv_oof,-3.5199930570428495,-3.7698317842924864
8jy,Stage 2: + Physics,cv_oof,-3.6903698325741012,-4.09404013515411
p4l,Stage 2: + Physics,cv_oof,-4.096910013008056,-3.5487005993675074
qkr,Stage 2: + Physics,cv_oof,-3.281498311132726,-3.72667876099881
e0z,Stage 2: + Physics,cv_oof,-3.3027706572402824,-3.54537098222469
vus,Stage 2: + Physics,cv_oof,-3.55129368009492,-3.6780679590372714
h7r,Stage 2: + Physics,cv_oof,-4.642065152999546,-5.456825598357305
9ky,Stage 2: + Physics,cv_oof,-5.025949097207123,-6.314394991738384
4ea,Stage 2: + Physics,cv_oof,-5.501689446210399,-6.622384842926966
z7n,Stage 2: + Physics,cv_oof,-7.036212172654444,-6.379866592104007
7kf,Stage 2: + Physics,cv_oof,-2.9136401693252516,-4.430565163483778
i8k,Stage 2: + Physics,cv_oof,-4.0851281824599495,-3.8236611533259657
hzf,Stage 2: + Physics,cv_oof,-3.0123337350737254,-3.3054207715828676
x61,Stage 2: + Physics,cv_oof,-2.906578314837765,-3.371623135266318
czo,Stage 2: + Physics,cv_oof,-3.3675427078152755,-3.3530741119406815
o8s,Stage 2: + Physics,cv_oof,-3.344861565188618,-3.597579717600034
lap,Stage 2: + Physics,cv_oof,-2.9469215565165805,-3.3336363452574687
yp3,Stage 2: + Physics,cv_oof,-4.221848749616356,-5.098019467441621
tzl,Stage 2: + Physics,cv_oof,-2.958607314841775,-3.66040989416003
hyj,Stage 2: + Physics,cv_oof,-3.1739251972991736,-3.5820981012925577
mg4,Stage 2: + Physics,cv_oof,-2.207608310501746,-3.876196435058928
50s,Stage 2: + Physics,cv_oof,-2.4814860601221125,-3.234668334803481
d4q,Stage 2: + Physics,cv_oof,-3.744727494896694,-3.86376652002329
6he,Stage 2: + Physics,cv_oof,-3.5850266520291822,-3.695879968921766
pwy,Stage 2: + Physics,cv_oof,-3.3665315444204134,-3.686221938539731
y9l,Stage 2: + Physics,cv_oof,-3.537602002101044,-4.145886609536569
rc1,Stage 2: + Physics,cv_oof,-3.886056647693163,-3.496723048940562
lzt,Stage 2: + Physics,cv_oof,-3.2006594505464183,-3.6117180987986113
kbp,Stage 2: + Physics,cv_oof,-2.853871964321762,-3.737524498650695
b9u,Stage 2: + Physics,cv_oof,-2.638272163982407,-3.7083501893732738
3uq,Stage 2: + Physics,cv_oof,-4.084072788302884,-4.212653968651452
1dm,Stage 2: + Physics,cv_oof,-3.5466816599529625,-3.8182071592167817
rg6,Stage 2: + Physics,cv_oof,-2.4710832997223453,-3.1594718985146795
ed4,Stage 2: + Physics,cv_oof,-4.100179497572904,-4.621220154471494
vg0,Stage 2: + Physics,cv_oof,-3.721246399047171,-4.017751262942233
z9y,Stage 2: + Physics,cv_oof,-2.4710832997223453,-3.6492433751327344
w3n,Stage 2: + Physics,cv_oof,-2.9507819773298185,-3.282150127265825
ym6,Stage 2: + Physics,cv_oof,-2.91721462968355,-3.2064368856382583
nng,Stage 2: + Physics,cv_oof,-3.154901959985743,-3.8744778289427226
qno,Stage 2: + Physics,cv_oof,-6.416801226031377,-5.148085456473808
oxc,Stage 2: + Physics,cv_oof,-2.2494916051486538,-3.3968818420540665
dq4,Stage 2: + Physics,cv_oof,-3.370590400897281,-3.433034161788383
0fa,Stage 2: + Physics,cv_oof,-3.570247719997592,-3.3054207715828676
rr5,Stage 2: + Physics,cv_oof,-4.142667503568732,-6.190919567874829
6j9,Stage 2: + Physics,cv_oof,-3.282329496997738,-3.736587683806113
0x9,Stage 2: + Physics,cv_oof,-3.6090648928966207,-3.586103819639268
iwe,Stage 2: + Physics,cv_oof,-3.39040559077478,-3.404431743753895
ib2,Stage 2: + Physics,cv_oof,-3.8013429130455774,-3.827575704969258
ppz,Stage 2: + Physics,cv_oof,-5.0,-4.534571737460809
ci1,Stage 2: + Physics,cv_oof,-7.251811972993799,-7.240928963649602
08e,Stage 2: + Physics,cv_oof,-7.070581074285707,-4.157049769658262
xkh,Stage 2: + Physics,cv_oof,-7.494850021680094,-6.698759407123871
wng,Stage 2: + Physics,cv_oof,-5.3979400086720375,-4.43992805140325
ncr,Stage 2: + Physics,cv_oof,-6.164309428507575,-6.5431980060228305
dx2,Stage 2: + Physics,cv_oof,-3.9706162223147903,-4.341936192239136
6xc,Stage 2: + Physics,cv_oof,-4.289882634888183,-4.917759624337919
21m,Stage 2: + Physics,cv_oof,-4.230622673923862,-4.490884644933345
4k1,Stage 2: + Physics,cv_oof,-4.610833915635467,-4.338386720130132
gzp,Stage 2: + Physics,cv_oof,-4.009217308196862,-4.447985803801221
lh8,Stage 2: + Physics,cv_oof,-6.279014255846261,-4.522428529529479
ew5,Stage 2: + Physics,cv_oof,-4.267606240177032,-4.516711319452251
9l3,Stage 2: + Physics,cv_oof,-3.8477116556169433,-4.565752615090907
jdk,Stage 2: + Physics,cv_oof,-4.448550002027125,-4.363295190697846
h8a,Stage 2: + Physics,cv_oof,-4.079876673709276,-4.8372933982531325
jq7,Stage 2: + Physics,cv_oof,-4.496209316942819,-4.514591869355631
ylt,Stage 2: + Physics,cv_oof,-3.8477116556169433,-4.666251913624246
gnq,Stage 2: + Physics,cv_oof,-4.686132779630847,-4.489575400027423
sso,Stage 2: + Physics,cv_oof,-4.679853713888946,-4.518718424850465
lpx,Stage 2: + Physics,cv_oof,-4.1487416512809245,-5.704733099093866
f7p,Stage 2: + Physics,cv_oof,-3.9208187539523753,-3.4459809808929305
l8t,Stage 2: + Physics,cv_oof,-4.136677139879544,-3.566988333911225
3tt,Stage 2: + Physics,cv_oof,-4.721246399047171,-3.5248106188786394
za6,Stage 2: + Physics,cv_oof,-5.5376020021010435,-4.983125732686871
ag1,Stage 2: + Physics,cv_oof,-4.4089353929735005,-3.894816839220688
u5t,Stage 2: + Physics,cv_oof,-3.552841968657781,-3.980910527310489
0y6,Stage 2: + Physics,cv_oof,-3.853871964321762,-3.891940222054394
yq2,Stage 2: + Physics,cv_oof,-4.522878745280337,-3.485482730737875
kab,Stage 2: + Physics,cv_oof,-4.425968732272281,-3.1658288608667124
tp2,Stage 2: + Physics,cv_oof,-4.638272163982407,-3.763890052263347
nf0,Stage 2: + Physics,cv_oof,-4.958607314841775,-3.4033410936811217
fkt,Stage 2: + Physics,cv_oof,-3.277366077466188,-3.6376244616330933
ctg,Stage 2: + Physics,cv_oof,-3.277366077466188,-3.5530056358664805
4t5,Stage 2: + Physics,cv_oof,-9.447331783887806,-6.5033114717583675
smk,Stage 2: + Physics,cv_oof,-7.498940737782249,-6.812385170927422
vtr,Stage 2: + Physics,cv_oof,-5.863279432843593,-7.084930481977826
dc8,Stage 2: + Physics,cv_oof,-10.0,-11.822060875968267
hai,Stage 2: + Physics,cv_oof,-10.0,-9.702242050499006
tvf,Stage 2: + Physics,cv_oof,-5.0,-4.155333579708597
u8r,Stage 2: + Physics,cv_oof,-10.0,-9.538589679089574
gvd,Stage 2: + Physics,cv_oof,-3.2390500485891027,-7.9209347790884514
uex,Stage 2: + Physics,cv_oof,-10.0,-8.0844391011205
11b,Stage 2: + Physics,cv_oof,-3.153044674980176,-5.1471814559764635
fft,Stage 2: + Physics,cv_oof,-3.6808939406902237,-6.00651456732468
lf5,Stage 2: + Physics,cv_oof,-5.221848749616356,-4.7389803629107865
68u,Stage 2: + Physics,cv_oof,-5.096910013008056,-5.880576612622106
gyw,Stage 2: + Physics,cv_oof,-5.376750709602099,-5.150928121668885
0v9,Stage 2: + Physics,cv_oof,-4.619788758288394,-4.079158262363766
qtc,Stage 2: + Physics,cv_oof,-4.97469413473523,-4.794894869794077
vy5,Stage 2: + Physics,cv_oof,-7.866461091629782,-9.962938334889683
rwr,Stage 2: + Physics,cv_oof,-4.7447274948966935,-5.362753240346906
pql,Stage 2: + Physics,cv_oof,-4.346787486224656,-4.09807408316286
dl7,Stage 2: + Physics,cv_oof,-10.0,-10.107039060615906
i12,Stage 2: + Physics,cv_oof,-10.0,-9.65877477081331
aui,Stage 2: + Physics,cv_oof,-10.0,-9.740677635517157
mfs,Stage 2: + Physics,cv_oof,-10.0,-9.72571912945426
jl4,Stage 2: + Physics,cv_oof,-9.18309616062434,-7.313821214180635
jkq,Stage 2: + Physics,cv_oof,-10.8153085691824,-6.965076608930689
yav,Stage 2: + Physics,cv_oof,-5.158015195409886,-6.04731222387339
9yt,Stage 2: + Physics,cv_oof,-2.7304870557820835,-3.1236399939990473
122,Stage 2: + Physics,cv_oof,-2.688246138944246,-3.7117666276597805
ij5,Stage 2: + Physics,cv_oof,-2.4775557664936803,-2.90206931017042
6jf,Stage 2: + Physics,cv_oof,-2.939302159646388,-3.5424072998955287
ymc,Stage 2: + Physics,cv_oof,-4.581698708680254,-3.975588621650622
ywe,Stage 2: + Physics,cv_oof,-5.886056647693163,-4.505312857815277
kgl,Stage 2: + Physics,cv_oof,-2.6458915608525992,-3.3826508987586186
vqj,Stage 2: + Physics,cv_oof,-3.9507819773298185,-2.965825490242409
h82,Stage 2: + Physics,cv_oof,-5.3260580013659125,-3.9740671187178687
9zr,Stage 2: + Physics,cv_oof,-3.1542819820333414,-3.220238126550046
a8v,Stage 2: + Physics,cv_oof,-3.0565054840938974,-3.115112609622572
09w,Stage 2: + Physics,cv_oof,-3.359518563029578,-3.123430702803402
x2v,Stage 2: + Physics,cv_oof,-3.0589857562944305,-3.0839457590311405
bnh,Stage 2: + Physics,cv_oof,-3.097453220686009,-3.09984974092871
x9d,Stage 2: + Physics,cv_oof,-3.0447934624580584,-3.045726727618342
ish,Stage 2: + Physics,cv_oof,-3.0310503190186573,-3.001900912882491
iiy,Stage 2: + Physics,cv_oof,-2.7721132953863266,-3.141778715191862
3zo,Stage 2: + Physics,cv_oof,-2.96657624451305,-2.9978573929405266
vj7,Stage 2: + Physics,cv_oof,-2.85078088734462,-3.053793678194221
wsd,Stage 2: + Physics,cv_oof,-2.7825160557860937,-3.0488942156606664
10s,Stage 2: + Physics,cv_oof,-2.630784142589857,-2.9612717470633276
fkj,Stage 2: + Physics,cv_oof,-2.6595558851598815,-3.0494100035420053
tt3,Stage 2: + Physics,cv_oof,-2.886056647693163,-3.923993158675463
nig,Stage 2: + Physics,cv_oof,-2.5575202309355514,-3.5424072998955287
z16,Stage 2: + Physics,cv_oof,-2.494850021680094,-2.9394300065518575
hbz,Stage 2: + Physics,cv_oof,-2.406713932979543,-2.998112447464915
uut,Stage 2: + Physics,cv_oof,-2.441291429466834,-2.9088232839133825
cju,Stage 2: + Physics,cv_oof,-2.438898616350944,-2.7800568725219317
d9l,Stage 2: + Physics,cv_oof,-2.571865205971211,-2.769872042463598
96f,Stage 2: + Physics,cv_oof,-2.555955204081924,-2.817749161311218
1kq,Stage 2: + Physics,cv_oof,-2.5214335044061564,-2.8847355593447817
c6e,Stage 2: + Physics,cv_oof,-2.4584207560534193,-2.7592447211969033
t2c,Stage 2: + Physics,cv_oof,-2.417936637088291,-2.849260841639264
dlj,Stage 2: + Physics,cv_oof,-2.4424927980943423,-2.903257382367773
w87,Stage 2: + Physics,cv_oof,-4.494850021680094,-3.220238126550046
97p,Stage 2: + Physics,cv_oof,-4.481486060122113,-2.9887149057596583
p9u,Stage 2: + Physics,cv_oof,-3.657577319177794,-5.09560945422845
5wz,Stage 2: + Physics,cv_oof,-5.8996294548824375,-4.5160445836645
5gj,Stage 2: + Physics,cv_oof,-5.052566278112949,-4.168468958023839
t17,Stage 2: + Physics,cv_oof,-4.405607449624573,-4.270809030954032
kf7,Stage 2: + Physics,cv_oof,-4.496209316942819,-3.892057093401668
utv,Stage 2: + Physics,cv_oof,-3.8239087409443187,-3.5574342199174476
q9f,Stage 2: + Physics,cv_oof,-3.1870866433571443,-3.996277761526963
5qw,Stage 2: + Physics,cv_oof,-2.8239087409443187,-2.9845147813656334
znj,Stage 2: + Physics,cv_oof,-2.7304870557820835,-2.974068570029483
pa1,Stage 2: + Physics,cv_oof,-2.2831622767004753,-3.090993801681096
lxk,Stage 2: + Physics,cv_oof,-2.25649023527157,-3.032680052503987
1m8,Stage 2: + Physics,cv_oof,-2.58838029403677,-2.995967690731949
ga9,Stage 2: + Physics,cv_oof,-3.987162775294828,-4.815393952274629
240,Stage 2: + Physics,cv_oof,-4.0655015487564325,-4.543970289457373
6l9,Stage 2: + Physics,cv_oof,-5.698970004336019,-5.704587174255247
gas,Stage 2: + Physics,cv_oof,-3.5850266520291822,-5.922147237228809
f5n,Stage 2: + Physics,cv_oof,-4.413412695328245,-7.2576217079221825
hx7,Stage 2: + Physics,cv_oof,-5.920818753952375,-4.880555688667711
oi4,Stage 2: + Physics,cv_oof,-3.42021640338319,-5.292183265092176
sv7,Stage 2: + Physics,cv_oof,-3.0,-3.7730730904173315
qbb,Stage 2: + Physics,cv_oof,-5.958607314841775,-6.371060334318671
w1l,Stage 2: + Physics,cv_oof,-4.221848749616356,-4.623860353434796
jce,Stage 2: + Physics,cv_oof,-4.0,-4.068854398178993
9ph,Stage 2: + Physics,cv_oof,-3.96657624451305,-4.14942167782039
kkn,Stage 2: + Physics,cv_oof,-8.0,-5.254153374800219
m0v,Stage 2: + Physics,cv_oof,-7.219682687859849,-7.987894031140139
6du,Stage 2: + Physics,cv_oof,-7.761953896871205,-7.47503361961926
u0c,Stage 2: + Physics,cv_oof,-8.372634143407268,-9.948778836768216
xub,Stage 2: + Physics,cv_oof,-8.821023052706831,-7.916290045000924
bjw,Stage 2: + Physics,cv_oof,-5.319664486585437,-5.64636160726135
dvn,Stage 2: + Physics,cv_oof,-6.204815410317576,-5.578003109040453
t3k,Stage 2: + Physics,cv_oof,-6.6252516539898965,-6.372976635783807
uxi,Stage 2: + Physics,cv_oof,-7.00436480540245,-5.684853088109709
r5y,Stage 2: + Physics,cv_oof,-6.236572006437063,-6.026476333512054
ek5,Stage 2: + Physics,cv_oof,-10.0,-9.727727518787125
xut,Stage 2: + Physics,cv_oof,-10.0,-9.663822619636294
ckw,Stage 2: + Physics,cv_oof,-10.0,-9.698479396890296
yab,Stage 2: + Physics,cv_oof,-10.0,-9.679914437535977
ysm,Stage 2: + Physics,cv_oof,-10.0,-9.667088579723046
e81,Stage 2: + Physics,cv_oof,-10.0,-9.647284392498504
3qz,Stage 2: + Physics,cv_oof,-3.9208187539523753,-3.6146782016582395
cjq,Stage 2: + Physics,cv_oof,-5.376750709602099,-5.202484071027186
uaz,Stage 2: + Physics,cv_oof,-5.795880017344075,-5.293147381128117
aax,Stage 2: + Physics,cv_oof,-5.130181792020672,-4.989328626776899
o86,Stage 2: + Physics,cv_oof,-4.85078088734462,-5.0035004830600585
coi,Stage 2: + Physics,cv_oof,-4.30189945437661,-4.605163349366698
3vi,Stage 2: + Physics,cv_oof,-4.511449283499556,-4.523088731913439
vwn,Stage 2: + Physics,cv_oof,-4.928117992693875,-4.248912184917939
tlp,Stage 2: + Physics,cv_oof,-5.54515513999149,-3.9925937986249234
ka6,Stage 2: + Physics,cv_oof,-5.179798540514359,-5.0796669355692305
7o7,Stage 2: + Physics,cv_oof,-4.530177984021837,-4.857401802161853
d6f,Stage 2: + Physics,cv_oof,-3.4685210829577446,-3.6296790306369577
dvs,Stage 2: + Physics,cv_oof,-3.0915149811213505,-3.7755545915882394
3o4,Stage 2: + Physics,cv_oof,-3.4559319556497243,-3.5223330709140863
kji,Stage 2: + Physics,cv_oof,-3.0,-3.559776025827499
gdr,Stage 2: + Physics,cv_oof,-3.494850021680094,-3.9355455253869835
v1q,Stage 2: + Physics,cv_oof,-3.136677139879544,-3.641753616227249
4vd,Stage 2: + Physics,cv_oof,-3.2006594505464183,-3.580963775027891
5xk,Stage 2: + Physics,cv_oof,-3.337242168318426,-3.467317800460829
2wb,Stage 2: + Physics,cv_oof,-3.3279021420642825,-3.5690591801020206
zfg,Stage 2: + Physics,cv_oof,-3.3979400086720375,-3.4576297427436407
6hq,Stage 2: + Physics,cv_oof,-3.4559319556497243,-4.029239848919155
hcm,Stage 2: + Physics,cv_oof,-4.468521082957745,-6.817853989435934
e6a,Stage 2: + Physics,cv_oof,-3.161150909262745,-3.540658116645307
g5q,Stage 2: + Physics,cv_oof,-3.552841968657781,-3.559776025827499
5z8,Stage 2: + Physics,cv_oof,-3.309803919971486,-4.295039489344464
r07,Stage 2: + Physics,cv_oof,-3.4814860601221125,-3.544389646576677
uht,Stage 2: + Physics,cv_oof,-2.9913998282380825,-3.543440142748643
kbq,Stage 2: + Physics,cv_oof,-4.721246399047171,-5.067077101738497
uw9,Stage 2: + Physics,cv_oof,-4.698970004336019,-4.98871893104949
vqu,Stage 2: + Physics,cv_oof,-6.886056647693163,-5.554062766142648
xog,Stage 2: + Physics,cv_oof,-5.107905397309519,-4.857524233527322
bi3,Stage 2: + Physics,cv_oof,-5.200659450546418,-3.9329749028013814
gcj,Stage 2: + Physics,cv_oof,-5.876148359032914,-5.275424601255052
20k,Stage 2: + Physics,cv_oof,-5.432973633840939,-5.249904523569084
jej,Stage 2: + Physics,cv_oof,-5.657577319177793,-5.158840927904543
hud,Stage 2: + Physics,cv_oof,-4.886056647693163,-4.529541989453157
4uu,Stage 2: + Physics,cv_oof,-3.3872161432802645,-3.543440142748643
sdz,Stage 2: + Physics,cv_oof,-3.431798275933005,-3.467317800460829
7w5,Stage 2: + Physics,cv_oof,-3.0604807473813813,-3.588395436606956
etz,Stage 2: + Physics,cv_oof,-5.705533773838407,-3.6146782016582395
ner,Stage 2: + Physics,cv_oof,-4.772113295386326,-4.529541989453157
z2s,Stage 2: + Physics,cv_oof,-4.4089353929735005,-4.901964767292597
72f,Stage 2: + Physics,cv_oof,-3.677780705266081,-3.467317800460829
sqm,Stage 2: + Physics,cv_oof,-5.1487416512809245,-5.588107912921766
zxr,Stage 2: + Physics,cv_oof,-5.267606240177032,-5.1132543223613744
h89,Stage 2: + Physics,cv_oof,-4.823908740944319,-4.529541989453157
l9r,Stage 2: + Physics,cv_oof,-5.657577319177793,-5.191494952270661
544,Stage 2: + Physics,cv_oof,-4.3979400086720375,-4.808047972023111
ps0,Stage 2: + Physics,cv_oof,-5.154901959985743,-5.167907203226847
ueu,Stage 2: + Physics,cv_oof,-3.0443122496864943,-3.8669616162670426
uwh,Stage 2: + Physics,cv_oof,-3.987162775294828,-4.710613795161294
gz8,Stage 2: + Physics,cv_oof,-4.798602875679548,-5.413965756495083
419,Stage 2: + Physics,cv_oof,-5.148130399270234,-4.835129700671253
c0g,Stage 2: + Physics,cv_oof,-5.286509456906058,-4.9269879409182975
kbu,Stage 2: + Physics,cv_oof,-4.667561540084395,-4.742338558096707
fam,Stage 2: + Physics,cv_oof,-4.928117992693875,-4.586139903555176
dae,Stage 2: + Physics,cv_oof,-4.853871964321762,-4.52714586456044
9p1,Stage 2: + Physics,cv_oof,-3.2448877336049287,-3.8318670829107306
gkl,Stage 2: + Physics,cv_oof,-5.294136287716081,-5.125835046666856
ijh,Stage 2: + Physics,cv_oof,-4.872895201635193,-5.02874450177977
q46,Stage 2: + Physics,cv_oof,-4.841637507904751,-4.8732324151918
8m3,Stage 2: + Physics,cv_oof,-5.243363891754152,-4.815023999245898
zyx,Stage 2: + Physics,cv_oof,-5.039529222465701,-4.825349299757083
qvu,Stage 2: + Physics,cv_oof,-5.014124642691606,-4.8654044461450745
v07,Stage 2: + Physics,cv_oof,-4.0,-3.995508181147492
bqx,Stage 2: + Physics,cv_oof,-10.0,-9.656301642601928
z53,Stage 2: + Physics,cv_oof,-3.5044556624535517,-3.543440142748643
8y4,Stage 2: + Physics,cv_oof,-3.4989407377822483,-3.467317800460829
ucw,Stage 2: + Physics,cv_oof,-3.360513510731414,-3.5158953409996743
ff9,Stage 2: + Physics,cv_oof,-3.6458915608525992,-4.050668560607206
2mn,Stage 2: + Physics,cv_oof,-3.291579099865287,-3.933351145893346
8ee,Stage 2: + Physics,cv_oof,-3.5086383061657274,-3.580963775027891
8k7,Stage 2: + Physics,cv_oof,-5.812479279163537,-4.9689378327446665
b7v,Stage 2: + Physics,cv_oof,-4.657577319177793,-5.096182959476089
66a,Stage 2: + Physics,cv_oof,-3.0969100130080562,-3.451277677946196
kh3,Stage 2: + Physics,cv_oof,-3.036212172654445,-3.5827901101069544
zqx,Stage 2: + Physics,cv_oof,-3.136677139879544,-3.543440142748643
o5q,Stage 2: + Physics,cv_oof,-3.552841968657781,-3.467317800460829
0ew,Stage 2: + Physics,cv_oof,-3.795880017344075,-4.117367607754072
tbj,Stage 2: + Physics,cv_oof,-5.47755576649368,-4.594414447929834
dbs,Stage 2: + Physics,cv_oof,-3.1001794975729036,-3.5510533258159964
bt0,Stage 2: + Physics,cv_oof,-3.079876673709276,-3.543440142748643
dti,Stage 2: + Physics,cv_oof,-3.078833949362261,-3.4840211936376266
7gm,Stage 2: + Physics,cv_oof,-3.1999706407558657,-3.5066121867251527
c71,Stage 2: + Physics,cv_oof,-3.3080348972326394,-3.9365548526490732
rgo,Stage 2: + Physics,cv_oof,-5.576754126063192,-5.065851425223611
zzr,Stage 2: + Physics,cv_oof,-2.1191864077192086,-2.543522970569791
kop,Stage 2: + Physics,cv_oof,-2.193820026016113,-2.552233278589813
rty,Stage 2: + Physics,cv_oof,-2.318758762624413,-2.5223577744873733
kko,Stage 2: + Physics,cv_oof,-2.42021640338319,-2.5614225044762877
