ID,prediction
ro9,-10.14635240671345
7cr,-10.290521589222609
mdp,-5.484060724823995
cfy,-8.145971398562368
p81,-7.9395216320941415
ecp,-8.882855856221315
2uv,-9.739269023109443
mfu,-9.223646868346858
i47,-7.56741316839054
ipo,-5.093297712724686
kxw,-9.100232598137657
br1,-7.25629127860792
jy6,-7.619010334721584
4p7,-5.076161896175568
